Belgrade	LOC
Aleksandar Vucic	PER
Belgrade	LOC
Slobodan Milosevic	PER
Loïc Trégourès	PER
Balkans	LOC
gare de Novi Sad	LOC
BTP	ORG
Ivica Mladenovic	PER
université de Belgrade	LOC
Ivica Mladenovic	PER
franceinfo	ORG
Ivica Mladenovic	PER
Ivica Mladenovic	PER
franceinfo	ORG
Sophie Gueudet	PER
Ecole supérieure Sainte-Anne de Pise	LOC
ex-Yougoslavie	ORG
Etat	LOC
UE	ORG
Etat	LOC
Serbie	LOC
UE	ORG
Freedom House	MISC
Reporters sans frontières	ORG
Loïc Trégourès	PER
Serbes	MISC
UE	ORG
Aleksandar Vucic	PER
Géorgie	LOC
Belgrade	LOC
Bruxelles	LOC
UE	ORG
Serbie	LOC
Rio Tinto	ORG
Jadar	LOC
UE	ORG
Ivica Mladenovic	PER
Aleksandar Vucic	PER
Union européenne	ORG
Occident	LOC
Loïc Trégourès	PER
UE	ORG
Copenhague	LOC
Russie	LOC
UE	ORG
Sophie Gueudet	PER
franceinfo	ORG
Russie	LOC
Géorgie	LOC
Etat	LOC
Sophie Gueudet	PER
UE	ORG
Russie	LOC
Balkans	LOC
Reste	PER
Aleksandar Vucic	PER
Loïc Trégourès	PER
Maïdan	LOC
Ukraine	LOC
Premier ministre Milos Vucevic	MISC
coup d'Etat	MISC
Kragujevac	LOC
Serbie	LOC
ANDREJ	ORG
ISAKOVIC	ORG
AFP	ORG
Ivica Mladenovic	PER
Ivica Mladenovic	PER
franceinfo  Les tentatives	ORG
Sophie Gueudet	PER
Davimo Beograd	PER
Vert-Gauche	ORG
