Belgrade	 LOC
Aleksandar Vucic	 PER
Belgrade	 LOC
Slobodan Milosevic	 PER
Loïc Trégourès	 PER
Balkans	 LOC
Novi Sad	 LOC
Ivica Mladenovic	 PER
université de Belgrade	 ORG
Ivica Mladenovic	 PER
franceinfo	 ORG
Ivica Mladenovic	 PER
Ivica Mladenovic	 PER
franceinfo	 ORG
Sophie Gueudet	 PER
Ecole supérieure Sainte-Anne de Pise	 ORG
ex-Yougoslavie	 LOC
UE	 ORG
Serbie	 LOC
UE	 ORG
Freedom House	 ORG
Reporters sans frontières	 ORG
Loïc Trégourès	 PER
Serbes	MISC
UE	 ORG
Aleksandar Vucic	 PER
Géorgie	 LOC
Belgrade	 LOC
Bruxelles	 LOC
UE	 ORG
Serbie	 LOC
Rio Tinto	 ORG
Jadar	 LOC
UE	 ORG
Ivica Mladenovic	 PER
Aleksandar Vucic	 PER
Union européenne	 ORG
Occident	 LOC
Loïc Trégourès	 PER
UE	 ORG
Copenhague	 LOC
Russie	 LOC
UE	 ORG
Sophie Gueudet	 PER
franceinfo	 ORG
Russie	 LOC
Géorgie	 LOC
Etat	MISC
Sophie Gueudet	 PER
UE	 ORG
Russie	 LOC
Balkans	 LOC
Aleksandar Vucic	 PER
Loïc Trégourès	 PER
Maïdan	 LOC
Ukraine	 LOC
Premier ministre	 PER
Milos Vucevic	 PER
Etat	MISC
Kragujevac	 LOC
Serbie	 LOC
ANDREJ ISAKOVIC	 PER
AFP	 ORG
Ivica Mladenovic	 PER
Ivica Mladenovic	 PER
franceinfo	 ORG
Sophie Gueudet	 PER
Ne Davimo Beograd	 ORG
Vert-Gauche	 ORG
