video_id,video_title,published_at,channel_id,view_count,like_count,comment_count,has_captions,category,tags
ABiUXaLYP3A,UN PILLAGE FRANÇAIS #1 : L'aéroport de Toulouse,2019-07-18T15:45:44Z,UC9hHeywcPBnLglqnQRaNShQ,77340,6999,659,false,Entertainment,aéroport|adp|aéroport de paris|référendum|pillage|france|chinois|vente|bradage|grande braderie|qatar|macron|lemaire|de rugy|état|privatisation|protectionisme|vincy|accord secret|mensonge|casil europe|arnaque|redevance|barrage|autoroutes|péage|français|tatiana ventôse|un pillage français|coralie delaume|cayla|rip|ric|toulouse-blagnac|mauduit|médiapart|scandale|actionnaires|dividendes|occitanie
_pw_D3twQ0o,VERS UNE PÉNURIE DE MÉDICAMENTS ?,2019-07-11T15:30:00Z,UC9hHeywcPBnLglqnQRaNShQ,63465,5003,647,false,Entertainment,médicament|pénurie|rupture|stock|spéculation|industrie|pharmaceutique|buzyn|sécurité sociale|médecin|parkinson|malade|docteur|bicnu|civica|rx|pharmacie|manque|risque|mort|solution|consortium|relocaliser|délocalisation|usine|fabrication|macron|mélenchon|ruffin|marine le pen|indépendance|france|souveraineté|monopole|Martin Shkreli|mondialisation|ue
lam5QHOA5tQ,UE-MERCOSUR : LES ENJEUX DU TRAITÉ,2019-07-04T16:04:55Z,UC9hHeywcPBnLglqnQRaNShQ,58487,4962,680,false,Entertainment,mercosur|agriculture|paysan|nourriture|libre-échange|ue|union européenne|france|souveraineté|suicide|industriel|amazonie|bolsonaro|trump|protectionisme|idéologie|starship|traité|ceta|ttip|canada|europe|marché|bovin|éleveur|dette|ruiné|écologiste|marche pour le climat|jadot|nicolas hulot|macron|effondrement|bac 2019|bug instagram|stranger things
Qc8mBr5C7wc,DÉCRYPTAGE DE LA RÉFORME DU CHÔMAGE,2019-06-27T16:14:41Z,UC9hHeywcPBnLglqnQRaNShQ,84536,6259,852,false,Entertainment,chomage|chomeur|précarité|étudiant|petit|job|candidature|cv|entretien|embauche|offre|pole emploi|pénicaud|réforme|indemnisation|tuto|nouvelles mesures|macron|chômage|france|pauvre|travailleur|assurance chômage|robot|futur|emploi|travail|senior|mac donald's|amazon|carrefour|interim|tatiana ventôse|parasites|bong joon ho|patron|attente|précaire|cdd|cdi|cadre|indemnité|baisse|hausse|lapsus|usul|entre guillemets
euJHZKj1hXo,PERPIGNAN-RUNGIS : DES CAMIONS À LA PLACE DES TRAINS ?,2019-06-23T08:10:29Z,UC9hHeywcPBnLglqnQRaNShQ,45542,4187,342,false,Entertainment,rungis|perpignan|ligne|train|primeur|camion|poid lourd|pollution|air|embouteillage|route|planète|climat|dérèglement|effondrement|pétrole|taxe|voiture|gilets jaunes|carbone|hypocrisie|culpabilisation|écologiste|jean vincent placé|de rugis|make our planet great again|macron|grenelle|cop 21|animaux|protection|petits gestes|quotidien|nicolas hulot|lobby|lobbies|sncf|tatiana ventose|mr mondialisation|feuillage|on est pret|partager c'est sympa
XvRkW4y8m7w,AÉROPORTS : COMMENT EMPÊCHER UNE ARNAQUE D'ÉTAT,2019-06-20T15:18:17Z,UC9hHeywcPBnLglqnQRaNShQ,50818,4685,554,false,Entertainment,aéroport|référendum|bug|site|plateforme|pétition|adp|privatisation|sabotage|vinci|autoroute|pillage|france|bradage|finance|dividende|libéraux|traitre|ue|avion|air france|milliards|péage|augmentation|tarif|hausse|dette|gouvernement|macron|gilets jaunes|gj|acte|referendum|bac|résultats|révision|match
mb7fH-usrBs,UN RÉFÉRENDUM POUR NOS AÉROPORTS ?,2019-05-31T08:30:00Z,UC9hHeywcPBnLglqnQRaNShQ,53143,4159,441,false,Entertainment,aéroport|adp|braderie|pillage|france|français|arabie saoudite|macron|privatisation|edf|gdf|engie|la française des jeux|redevance|autoroute|tarif|prix|hausse|pouvoir d'achat|gilets jaunes|péage|augmentation|vinci|édouard philippe|bruno le maire|tatiana ventôse|on a infiltré la commission|ue|référendum|de paris|orly|roissy|rip|sénat|privé|ric|referendum
_JKKgy4NOWc,ON A INFILTRÉ LA COMMISSION EUROPÉENNE,2019-05-21T16:26:24Z,UC9hHeywcPBnLglqnQRaNShQ,358761,16616,4855,false,Entertainment,union européenne|élection|commission|fake news|désinformation|obama|démocratie|liberté|youtuber|politique|europe|juncker|évasion fiscale|luxleaks|reportage|élise lucet|cash investigation|investigation|les coulisses|france|souveraineté|game of thrones|exclusif|scandale|censure|usul|je suis pas content|ue|urss|1984|orwell|dictature|thinkerview|vincent lapierre
jSic9tOJaS0,[ TEASER ] : ON A INFILTRÉ LA COMMISSION EUROPÉENNE,2019-05-16T18:53:35Z,UC9hHeywcPBnLglqnQRaNShQ,11901,725,77,false,Entertainment,union européenne|élection|ue|vote|asselineau|upr|juncker|bruxelles|moscovici|ceta|migrants|europe|macron|26 mai|commission européenne|dumping|teaser|influenceur|youtuber|propagande|rt|russia today|marianne|polony|coulisses|lobby|castaner|nadine morano|reportage|exclu|thinkerview|marine le pen|mélenchon|france insoumise|ruffin|bilal hassani|game of thrones|pokemon détective
I3kGufA1ZQo,FRANCE TÉLÉCOM : LE MANAGEMENT ABSURDE,2019-05-09T18:36:55Z,UC9hHeywcPBnLglqnQRaNShQ,74513,4497,455,false,Entertainment,orange|france télécom|france telecom|procès|france|ordonnances|macron|pénicaud|harcèlement moral|didier lombard|syndicat|ghosn|japon|prison|financier|cac 40|multinationale|bankster|délinquant|barberot|management|next|crash|départs|licenciement|libéralisme|économie|logique|psychologie|travail|maladie|burn out|burn-out|épuisement|manager|privatisation|aéroport|française des jeux|autoroute|nation|marine le pen|mélenchon|mobile|réseau|forfait|métier|sens|loi travail
adkH24kxeGA,ANNONCES DE MACRON : POUDRE DE PERLIMPINPIN ?,2019-05-03T08:52:15Z,UC9hHeywcPBnLglqnQRaNShQ,69827,4542,489,false,Entertainment,macron|conférence de presse|france|adp|aéroport|françaises des jeux|impôts|annonces|gilets jaunes|acte|gj|gouvernement|edouard philippe|manipulation|propagande|corée du nord|bfmtv|retraite|hôpitaux|fermeture|rural|campagne|1er mai|union européenne|ue|effondrement|tatiana ventôse|lerm|nadine morano|schiappa|sibeth|darmanin|je suis pas content|dette|redevance|télé|hanouna|prank|taylor swift|game of thrones|nouvel épisode
itQWkAIKeZg,NOTRE-DAME EN FLAMMES : POURQUOI NOUS SOMMES TRISTES ?,2019-04-18T16:30:08Z,UC9hHeywcPBnLglqnQRaNShQ,52423,2791,725,false,Entertainment,notre dame|paris|france|incendie|français|tristesse|choc|victor hugo|architecture|batisseur|destruction|histoire|de gaulle|napoléon|philippe bel|chrétieneté|jésus|cathédrale|assassin creed's|pompier|rebatir|reconstruction|notre-dame|notre dame de paris|momument de france|compagnon|charpentier|ouvrier|artisan|tatiana ventôse
YU0c_DcfOOQ,"AÉROPORTS BRADÉS, U.E ANTIDÉMOCRATIQUE ? Coralie Delaume & David Cayla",2019-04-14T08:30:02Z,UC9hHeywcPBnLglqnQRaNShQ,38537,1773,427,false,Entertainment,union européenne|ue|élections|macron|coralie delaume|david cayla|juncker|junker|barroso|commission|allemagne|moscovici|merkel|europe|économie|aéroport de paris|adp|vente|bradarie|le bon coin|française des jeux|engie|barrage|électrique|edf|service public|démocratie|ric|gilets jaunes|débat|grand|mascarade|manipulation|propagande|frexit|brexit|lettre|usa|trump|russie|poutine|angleterre|antidémocratie|didacture|européenne|Aya Nakamura|le roi lion
soxCiD_af2s,MATERNITÉS : LA GRANDE RÉGRESSION,2019-04-11T17:46:43Z,UC9hHeywcPBnLglqnQRaNShQ,34316,2928,307,false,Entertainment,maternités|maternité|die|saint claude|fermeture|fermée|fermées|austérité|macron|agnès buzyn|personnel|burnout|burn out|hopital|hôpital|dette|réduction|france|campagne|rural|fausse couche|manque|médecin|pénurie|naissance|natalité|tatiana ventôse|gilets jaunes|gilet jaune|gj|castaner|mélenchon|assange|marine le pen|santé|bernay|indre|accouchement|mère|parents|bébé|sage femme|Aya Nakamura|le roi lion|désertification
yKUpkwWmjZ0,CATASTROPHE DE BRÉTIGNY : NOUVELLES RÉVÉLATIONS,2019-04-05T15:00:13Z,UC9hHeywcPBnLglqnQRaNShQ,57658,4117,302,false,Entertainment,sncf|voyage|bretigny|scandale|révélations|le parisien|caché|macron|guillaume pépy|cheminots|grève|ter|lignes fermées|gare fermée|dette|accident|vétusté|austérité|déficit|darmanin|gilet jaune|gilets jaunes|gj|acte|censure|médias|bfmtv|bfm|bercy|coupes budgétaires|3%|catastrophe|réseau|vacances|sécurité|danger|retard|entretien|manque|réduction|effectifs|pdg|manipulation|france|tatiana ventose
e92pA37Iro8,"CROISSANCE, DÉFICIT : LA FRANCE VA-T-ELLE MIEUX ?",2019-03-28T19:28:22Z,UC9hHeywcPBnLglqnQRaNShQ,51086,4107,252,false,Entertainment,déficit|croissance|économie|macron|pib|drogue|trafic|bruno le maire|darmanin|rtl|relance|économique|bfmtv|tatiana ventôse|retraité|csg|isf|milliardaires|fuite|france|marijuana|libéral|pouvoir d'achat|amazon|tarif|prix|expert|propagande
78I2jHKK-iA,NOS AÉROPORTS BRADÉS : LE PROJET FOU DE L'ÉTAT,2019-03-15T09:30:00Z,UC9hHeywcPBnLglqnQRaNShQ,63988,5112,580,false,Entertainment,adp|aéroport|voyage|paris|vente|cac40|bourse|privatisation|macron|gilet jaune|gilets jaunes|gj|avion|air france|tatiana ventôse|service public|dette|la française des jeux|engie|70 ans
IclVAxf81cs,UNION EUROPEENNE : PROTECTION OU PRISON ?,2019-03-08T10:28:16Z,UC9hHeywcPBnLglqnQRaNShQ,69964,5073,717,false,Entertainment,ue|union européenne|élections|macron|lettre|salvini|marine le pen|mélenchon|europe|juncker|monsanto|glyphosate|corruption|lobby|lobbies|lobbying|bruxelles|parlement européen|commission|jean quatremer|jacques atteli|progrès|irréversible|bhl|aphatie|gilets jaunes|gilet jaune|démocratie|chouard|tatiana ventôse
EqI8_33b2bo,SDF : QUELLES RÉPONSES POLITIQUES ?,2019-03-04T15:21:12Z,UC9hHeywcPBnLglqnQRaNShQ,57841,4420,402,false,Entertainment,sdf|sans abris|sans toit|les restos du coeur|logement|loyer|cher|pas|paris|lyon|marseille|froid|femmes|enfants|famille|dehors|rue|associations|macron|édouard philippe|coluche|Blanquefort|usine|ford|ouvriers|rbnb|tatiana ventôse|maraude|hotel|expulsion|dette|divorcé|travailleurs|travailleur|voiture|extrême pauvreté|gilets jaunes|gilet jaune|gj|acte 17
hbZ-cq6hPsk,AIR FRANCE-KLM : TOUT COMPRENDRE À L'AFFAIRE,2019-03-01T14:34:07Z,UC9hHeywcPBnLglqnQRaNShQ,84282,5634,663,false,Entertainment,air france|klm|macron|france|autoroute|aéroport|privatisation|sncf|train|billet|voyage|low cost|bourse|action|nation|barrage hydrolique|bruno le maire|hollande|actions|adp|personnel|cac40|tatiana ventôse|mélenchon|marine le pen|gilets jauns|gilet jaune
XZJiCb24WXs,LES GILETS JAUNES : ANTISÉMITES ?,2019-02-21T21:04:04Z,UC9hHeywcPBnLglqnQRaNShQ,95243,5286,1073,true,Entertainment,gilets jaunes|acte 14|acte 15|censure|gilet jaune|finkielkraut|antisémite|juif|paris|violences|macron|mélenchon|ps|hollande|sarkozy|ue|brexit|frexit|migrants|écologie|on est prêt|marine le pen|bfmtv|castaner|propagande|griveaux|bhl|aphatie|cohn bendit|praud|manipulation|mouvement|drouet|fly rider|france|toulouse|lyon|marseille|police|crs|islamistes|musulman|racisme|antisémitisme|contre|harlem désir|grand débat
fhAlLyQhSgY,VIOLENCE VS GILETS JAUNES : JUSQU'OÙ IRA MACRON ?,2019-02-15T11:50:50Z,UC9hHeywcPBnLglqnQRaNShQ,124731,8030,917,true,Entertainment,gilets jaunes|censure|macron|violences|police|crs|flash ball|bfmtv|gilet jaune|gj|acte 12|acte 13|acte 14|marine le pen|mélenchon|manque de moyen|suicide|victime|jérôme rodrigues|jérome|rodriguez|tir|lbd|David Dufresne|précarité|pauvreté|pauvre|démocratie|liberté|loi anti casseur|tatiana ventôse|répression|policière|castaner|édouard philippe|collomb
TYGLhd0o3BI,JUSTICE FISCALE : UN ENJEU MAJEUR,2019-02-07T16:30:00Z,UC9hHeywcPBnLglqnQRaNShQ,66786,4707,338,false,Entertainment,gilets jaunes|macron|impôts|censure|justice fiscale|taxes|csg|isf|ifi|exilés fiscaux|premiers de cordée|ruissellement|riche|millionnaire|exil|fiscal|bercy|darmanin|édouard philippe|grand débat|média|économie|libéraux|mensonge|tva|première nécessité|retraité|misère|pauvre|pauvreté|faim|manger|france|inégalité|gilet jaune|acte 13|paris|manifestation|marche|tatiana ventôse|optimisation|gafa|niches fiscales
ovS-ZQlYqfE,« GRAND DÉBAT » : POURQUOI C'EST UNE ARNAQUE ?,2019-01-25T10:33:38Z,UC9hHeywcPBnLglqnQRaNShQ,143490,9172,1082,false,Entertainment,macron|grand débat|gilets jaunes|doléances|maire|propagande|média|bfmtv|darmanin|schiappa|hanouna|président|macron démission|acte|gilet jaune|violences|censure|manipulation|impôt|taxe|carburant|prix|tarif|augmentation|hausse|france|marine le pen|mélenchon|tatiana ventôse|manifestation|tpmp|grand débat national
X04LbsmXSLA,LE DÉCRET ANTI-CHÔMEUR DONT PERSONNE NE PARLE,2019-01-17T16:30:01Z,UC9hHeywcPBnLglqnQRaNShQ,143588,8542,1091,false,Entertainment,chômage|macron|gilets jaunes|censure|médias|bfmtv|cible|anti chômeur|travail|crise|sarkozy|wauquiez|aurore bergé|france|industrie|délocalisation|pays|perte d'emplois|suicide|répression|sanction|décret|gouvernement|philippe édouard|tatiana ventôse|scandale|chômeur|chomeur|chomage|recherche|emploi
WxqJ_X_t7Yk,MACRON : LA STRATÉGIE DU CHAOS ?,2019-01-11T11:18:38Z,UC9hHeywcPBnLglqnQRaNShQ,164287,11491,1173,false,Entertainment,gilets jaunes|boxeur|crs|vs|Christophe Dettinger|macron|dictature|mélenchon|marien le pen|france|français|acte 8|acte 9|2019|voeux|tatiana ventôse|violence|censure|gouvernement|griveaux|répression|média|bfmtv|solidarité|manifestation|marseille|toulouse|paris|brest|caen|chaos|démocratie|ric|gilet jaune
uznA4jHLge0,PACTE DE MARRAKECH : POURQUOI TOUT LE MONDE S'ENGUEULE ?,2018-12-20T16:30:00Z,UC9hHeywcPBnLglqnQRaNShQ,120694,4185,1320,true,Entertainment,immigration|pacte|migration|marrakech|onu|invasion|complot|censure|union européenne|macron|migrants|évasion|grand remplacement|sécurité|terrorisme|marine le pen|wauquiez|mélenchon|gilets jaunes|droits|devoirs|laxisme|accueil|mort|méditerranée|réchauffement climatique|migrant climatique|afrique|ordre|christianisme|ong|polémique|fake news|mensonge|exagération|esclavage|débat|impossible
FtrjUw5MHlA,ANNONCES DE MACRON : L'ARNAQUE DÉCRYPTÉE,2018-12-14T10:39:36Z,UC9hHeywcPBnLglqnQRaNShQ,236938,10271,1308,false,Entertainment,gilets jaunes|macron|annonces|smic|retraites|arnaque|censure|manipulation|complot|propagande|gouvernement|média|bfmtv|csg|macron démission|gilet jaune|27 novembre|8 décembre|1er décembre|15 décembre|champs-élysées|paris|blocage|grève|radar|80 km|impôts|taxe|baisse|hausse
IeJsgT1_hEw,FRANCE : VERS UNE NOUVELLE RÉVOLUTION ?,2018-12-07T12:29:41Z,UC9hHeywcPBnLglqnQRaNShQ,164467,9911,1371,true,Entertainment,gilets jaunes|8 décembre|paris|violences|répressions|policiers|censure|mort|blessé|incendie|gouvernement|macron|castaner|o'petit|schiappa|tatiana ventôse|gilet jaune|révolution|insurrection|désinformation|fake news|apl|retraité|marine le pen|mélenchon|mensonge|média|bfmtv|casseurs|lycéens|crs|manipulation|17 novembre
uJUfI7_3AYE,QUAND LES LOBBIES S'ATTAQUENT À NOTRE SANTÉ,2018-12-04T16:41:20Z,UC9hHeywcPBnLglqnQRaNShQ,52418,3825,358,true,Entertainment,implant files|implant|scandale|santé|hopital|agnès buzyn|ue|union européenne|parlement européen|affaire|lobby|lobbies|bruxelles|élise lucet|corruption|mort|malade|hanche|prothèse|pacemaker|implants|mensonge|ansm|docteur|chirurgien|corrompu|tatiana ventôse|le monde|opération|politiques|chirurgie esthétique|sein|plus gros|sécurité|cabinet|danger|seins
iP9SFRcEYDE,GILETS JAUNES : LA VÉRITÉ SUR LES CASSEURS,2018-11-29T21:44:57Z,UC9hHeywcPBnLglqnQRaNShQ,212633,10965,897,false,Entertainment,gilets jaunes|gilet jaune|casseur|24 novembre|1er décembre|manifestation|manipulation|censure|désinformation|fake news|macron|nicolas hulot|évasion fiscale|racket fiscal|violence|crs|police|mensonge|politique|champs-élysées|blocage|accident|explosion|matraquage|femmes|#noustoutes|#onestpret|écologie|transition|réchauffement|climat|censuré|caché|image|président|marine le pen|mélenchon|dupont aignan|tatiana ventôse|ultra|darmanin|impôt|taxe
tsF4KJkI6ZU,[ ANNONCE FAQ ] : POSEZ VOS QUESTIONS,2018-11-26T16:30:04Z,UC9hHeywcPBnLglqnQRaNShQ,7483,415,334,true,Entertainment,le fil d'actu
sVamKzQYgtI,GILETS JAUNES : DES BEAUFS POPULISTES ?,2018-11-22T20:53:18Z,UC9hHeywcPBnLglqnQRaNShQ,111923,5707,797,true,Entertainment,gilets jaunes|paris|concorde|24 novembre|17 novembre|censure|censuré|propagande|mensonge|complot|climat|onestprêt|écolo|taxes carburants|transfert|577 millions|dupont aignant|front nationale|marine le pen|mélenchon|diesel|violence|blessé|mort|caché|gouvernement|edouard philippe|taxe|impôt|france|macron|tatiana ventôse|bobo|parisien|usul|raptor|debout la france|essence|avion|pollution|24 nov|rendez-vous|accident|incident|champ de mars|manifestation|réchauffement
Pe-wMo5mKtI,17 NOVEMBRE / GILETS JAUNES : TOUT COMPRENDRE,2018-11-15T19:54:20Z,UC9hHeywcPBnLglqnQRaNShQ,118576,6345,1009,true,Entertainment,17 novembre|17 nov|blocage|incident|accident|mort|blessé|violence|grève|carburant|diesel|pollution|abus|police|crs|censure|danger|gouvernement|macron|yacht|taxe|impôt|france|français|de rugy|écologie|hausse|augmentation|gaz|essence|kérosène|avion|réchauffement climatique|climat|catastrophe|tatiana ventôse|onestprêt|il n'est pas trop tard|dupont aignan|front national|marine le pen|mélenchon|redevance télé|gilet jaune|pétrole|arabie saoudite|fn|debout la france
-b-GoCdfW7w,HAUSSE DES CARBURANTS : LE PRÉTEXTE ÉCOLO,2018-11-08T19:11:09Z,UC9hHeywcPBnLglqnQRaNShQ,76826,5720,813,true,Entertainment,17 novembre|diesel|hausse|carburants|écologie|nicolas hulot|macron|front national|fn|debout|dupont aignan|le pen|français|pollution|réchauffement climatique|taxes|impôts|redevance télé|tatiana ventôse|voiture|covoiturage|péage|carte grise|vélo|arnaque|colère|blocage|17|gilet jaune|grève|carte|rendez-vous|horaire|nombre|essence|tarif|prix|augmentation|gouvernement|cargo|avion|ryan air|low cost|arabie saoudite|pétrole|climat|jesuisprêt|ilestencoretemps
HQe4qojNmjA,SOUTENEZ LE FIL D'ACTU,2018-11-04T09:31:38Z,UC9hHeywcPBnLglqnQRaNShQ,11611,1465,100,true,Entertainment,Le fil d'actu|tatiana ventôse|l'équipe|tommy|yohann|émission|média|indépendant|scandale|benalla|sncf|contrats aidés|liberté d'expression|censure|article 13|neutralité du net|internet|article 11|journaliste|libre|presse|jité|jt|journal|fil d'actu|facebook|youtube|vidéo
yUOuf0F8KkU,"A LA RENCONTRE DES LANCEURS D'ALERTE LES 16, 17 ET 18 NOVEMBRE",2018-10-30T15:30:02Z,UC9hHeywcPBnLglqnQRaNShQ,14932,791,129,true,Entertainment,salon des lanceurs d'alerte|paris|la maison des métallos|irène frachon|antoine deltour|philippe pascot|lanceuses|lanceurs|CumEx|files|secret|des affaires|business|mensonge|état|gouvernement|macron|journaliste|liberté d'expression|karim ben ali|Florange|dédicace|rencontre|interview|conférence|UBS|procès|scandale|évasion fiscale|snowden
FuCIblzqoGk,55 MILLIARDS VOLÉS PAR LA FINANCE : L'ÉTAT COMPLICE ?,2018-10-25T18:47:52Z,UC9hHeywcPBnLglqnQRaNShQ,61505,4559,447,true,Entertainment,cumex files|fraude|fiscale|boursière|avocat|fraudeur|oligarchie|milliards|banque|crédit agricole|société générale|bnp paribas|tatiana ventose|union européenne|évasion fiscale|ultra riche|augmentation|tabac|gaz|essence|hausse|macron|dividende|arnaque|contournement|loi|cabinet|action|taxe|impôt|bercy|administration|fonctionnaire|économie|dette|endettement|état|laxisme|sécurité|argent public|service public
lFjHzqGnNec,"INONDATIONS, CLIMAT : COMMENT ÉVITER LE PIRE ?",2018-10-19T17:26:02Z,UC9hHeywcPBnLglqnQRaNShQ,20380,1205,131,true,Entertainment,inondations|aude|changement climatique|il est encore temps|#Ilestencoretemps|dérèglement climatique|réchauffement climatique|planète|macron|nicolas hulot|effondrement|dion|sol|terre|agriculture|permaculture|bio|mort|trèbes|hôpital|carcassonne|en zone inondable|supermarché|buzyn|victimes|sécurité|protection|écologie|environnement
OQLeI_VFbCk,LA REDEVANCE TÉLÉ BIENTÔT POUR TOUT LE MONDE ?,2018-10-11T17:27:33Z,UC9hHeywcPBnLglqnQRaNShQ,76340,4989,896,true,Entertainment,redevance télé|télévision|france télévisions|macron|augmentation|smartphone|pc|ordi|hadopi|internet|consommateur|client|tarif|prix|service public|taxe|impôts|gouvernement|français|françaises des jeux|loto|aéroport de paris|adp|fdj|engie|privatisation|vente|brade|fond d'innovation|budget
aZHgTB889sk,"THE "" GRAND PLAN "" CONTRE LES VIOLENCES CONJUGALES",2018-10-04T18:35:05Z,UC9hHeywcPBnLglqnQRaNShQ,28898,2342,442,true,Entertainment,jacqueline sauvage|muriel robin|c'était lui ou moi|téléfilm|femmes battus|association|budget|fermeture|schiappa|jean-claude van damme|mansplaining|macron|centre d'accueil|centre d'hébergement|féministe|femmes|yves reinier|bande annonce|extrait|tatiana ventôse|viol|agression|victime|silence
aKDgsUFq7i4,DES BAISSES D'IMPÔTS RECORD EN 2019 ?,2018-09-27T19:37:18Z,UC9hHeywcPBnLglqnQRaNShQ,61492,3926,328,true,Entertainment,impôt|impot|prélèvement à la source|dette|budget|agriculture|dépense|économie|isf|évasion fiscale|exonération|baisse d'impôts|pour qui|suis-je concerné par les baisses d'impôts|tatiana ventôse
B-74tg6qP-A,2600 PROFS EN MOINS : L'ÉDUCATION SACRIFIÉE ?,2018-09-23T15:06:24Z,UC9hHeywcPBnLglqnQRaNShQ,33172,2471,312,true,Entertainment,école|lycée|bac|collège|prof|métier|enseignant|grève|macron|budget|suppression|poste|augmentation|salaire|conditions|vétusté|austérité|éducation nationale|belkacem|chatel|ferry|allègre|élèves|étudiants|brevet|fermeture|maternelle|fermée|pas de vague|pas de vagues
KaveAnqCXLk,QUAND MACRON DISRUPTE LE SYSTÈME DE SANTÉ,2018-09-20T19:11:12Z,UC9hHeywcPBnLglqnQRaNShQ,37402,3110,285,true,Entertainment,hôpital|santé|macron|burn-out|ma santé 2022|plan santé|annonces|mesure|désertification|infirmière|budget|lit|hospitalier|hopital|dette|trou|sécu|sécurité sociale|désert|malades|handicap|abus|fatigue|à bout|grève|crève de la faim|tatiana ventôse
5B5jiJUk5tU,COMMENT ILS NOUS CULPABILISENT AVEC LE CLIMAT ?,2018-09-13T18:28:52Z,UC9hHeywcPBnLglqnQRaNShQ,54038,4456,488,true,Entertainment,climat|nicolas hulot|macron|réchauffement climatique|dérèglement|trump|de rugy|cyril dion|l'effondrement|tatiana ventôse|écologie|la marche pour le climat|effondrement|capitalisme|société|consumérisme|consommation|obsolescence programmée|arthus bertrand
BRwsm_zBLwo,BENALLA : TOUT COMPRENDRE SUR UN SCANDALE D'ETAT,2018-07-27T10:16:15Z,UC9hHeywcPBnLglqnQRaNShQ,85092,5063,629,false,Entertainment,benalla|macron|affaire d'état|sécurité|1er mai|barbouze|salaire|10 000 euros|policier|amant|brigitte|le monde|vidéo|image|benala|bennala|makao|sport|badge|voiture|arme|déguisé|collaborateur|tatiana ventôse|ludovik|parodie
ZvnNB1mA2Ak,LE BILAN POLITIQUE - 2017/2018,2018-06-28T20:10:52Z,UC9hHeywcPBnLglqnQRaNShQ,26801,2366,271,false,Entertainment,macron|bilan|mélenchon|hamon|poutou|marine le pen|le front national|fi|france insoumise|ruffin|castaner|européennes|sondage|mensonge|trahison|riches|apl|handicapés|souffrance animale|automobiliste|80km|péage|contravention|loi travail|sncf|grève|migrants|aquarius|italie|politique|économiste|aghion|fil d'actu|tatiana ventose
Wevdaqz-FuA,MIGRANTS EN U.E : UNE SITUATION SOUS CONTRÔLE ?,2018-06-21T16:06:20Z,UC9hHeywcPBnLglqnQRaNShQ,25970,1834,399,false,Entertainment,macron|migrants|aquarius|italie|salvini|ligue|marine le pen|immigration|france|abus|vol|cambriolage|insécurité|frontière|europe|5 étoiles|italien|lybie|afrique|françafrique|bolloré|délinquance|islam|musulman|sexisme|culture|police|espagne|méditerranée|immigrés|français
LlSSblzX9RM,"GLYPHOSATE, HANDICAP : BIENVENUE A MACRONLAND",2018-06-14T17:41:03Z,UC9hHeywcPBnLglqnQRaNShQ,26241,2257,326,false,Entertainment,Macron|glyphosate|théo|roundup|monsanto|députés|assemblée|castaner|agriculteurs|paysans|bien être animal|protection|animaux|agriculture|permaculture|poutine|trump|poignée de main|vote|corruption|lobbye|industrie|espionnage|enfants|publicités|alimentation|handicap|logement
7lXZBjcqIaI,PARCOURSUP : LE FIASCO,2018-05-31T18:25:34Z,UC9hHeywcPBnLglqnQRaNShQ,80395,4202,580,true,Entertainment,parcoursup|bac|révision|devoir|sélection|attente|licence|prépa|université|vidal|fac|place|étudiant|lycéen|bachelier|macron|moyens|unef|tolbiac|grève|tatiana
zmM8_FD2ka8,ITALIE : UNE NOUVELLE VOIE EN EUROPE ?,2018-05-24T17:37:05Z,UC9hHeywcPBnLglqnQRaNShQ,44416,2188,287,false,Entertainment,Italie|mouvement 5 étoiles|berlusconi|élection|gouvernement|ue|union européenne|austérité|démocratie|vote|mafia|corruption|revenu de citoyenneté|revenu universel|victoire|di maggio|dette|italienne|la ligue|migrant|immigration|précarité|pauvreté|crise|2007
n1XS4iTT3FI,Interview #7 : Philippe Pascot et les magouilles politiques,2018-05-13T08:00:02Z,UC9hHeywcPBnLglqnQRaNShQ,59195,2872,298,false,Entertainment,philippe pascot|mafia|macron|politiques|valls|france|élus|détournement|corruption|censure|oligarchie|moralisation|éthique|démocratie|balkany|cahuzac|fillon|sarkozy|justice|prison|impunité
eaDfK3_fov0,CONFLIT SNCF : LA SOLUTION DU RÉFÉRENDUM,2018-05-11T13:14:37Z,UC9hHeywcPBnLglqnQRaNShQ,22737,2305,255,true,Entertainment,sncf|grève|blocage|cgt|fo|macron|édouard philippe|train|réseau|retard|dette|pepy|borne|dialogue de sourd|fret|rail|europe|union européenne
0j7Cr7-B0jc,AGROCARBURANTS : UNE ÉNERGIE D'AVENIR ?,2018-05-02T15:12:13Z,UC9hHeywcPBnLglqnQRaNShQ,25757,1987,212,false,Entertainment,huile de palme|agrocarburant|biocarburant|tota|la mède|raffinerie|nicolas hulot|macron|réchauffement|climatique|changement|dérèglement|écologie|déforestation|indonésie|malaisie|nutella|huile de palme durable|voiture|camion|pétrole|essence|pénurie|effondrement
TAynLIM9MTI,VINCENT BOLLORÉ MIS EN EXAMEN,2018-04-27T18:32:16Z,UC9hHeywcPBnLglqnQRaNShQ,49102,3209,283,false,Entertainment,vincent bolloré|bolloré|50 millions|france televisions|mis en examen|garde à vue|guinée|togo|corruption|port|train|françafrique|multinationale|immigration|Afrique|alpha condé|canal+|vivendi|complément d'enquête
l76zJx0xGjQ,Interview #6 : Daniel Ibanez et le gaspillage de l'argent public,2018-04-22T08:00:06Z,UC9hHeywcPBnLglqnQRaNShQ,29462,1660,125,false,Entertainment,lyon turin|train|sncf|dette|gaspillage|argent public|gabegie|politiques|macron|cheminots|tunnel|travaux|ligne grande vitesse|élisabeth borne|pepy|autoroute|zad|notre dame des landes|corruption|barons locaux|ue|union européenne
612flHZ0A4U,FAUT-IL BOMBARDER LA SYRIE ?,2018-04-19T15:30:00Z,UC9hHeywcPBnLglqnQRaNShQ,24807,1797,240,false,Entertainment,macron|syrie|guerre|bombardements|attaques chimiques|trump|bachar el assad|interventionnisme|droit international|irak|libye|sarkozy|bhl|bernard henri levy|yemen|kurdistan|coalition|russie|poutine|erdogan|bush|saddam hussein
iqp9hqaID54,SNCF : D'OÙ VIENT (VRAIMENT) LA DETTE ?,2018-04-16T16:53:46Z,UC9hHeywcPBnLglqnQRaNShQ,86911,5372,329,false,Entertainment,SNCF|dette|train|retard|grève|macron|bruno le maire|100 TGV|alstom|milliards|histoire|origine|création|politiques|lyon turin|cheminots|statut|elisabeth borne|édouard philippe|pepy|gares|ligne|réseau|mobilités|rénovation|travaux|paris|turin
IoO2sBl7QO0,LE POUVOIR DE CENSURE DES MULTINATIONALES,2018-04-10T09:52:24Z,UC9hHeywcPBnLglqnQRaNShQ,50874,3591,332,true,Entertainment,multinationales|censure|presse|liberté d'expression|lanceur d'alerte|monsanto|conforama|évasion fiscale|luxleaks|panama papers|média|cash investigation|élise lucet|procès|justice|oligarchie|union européenne|censures|scandale|médiator|irène frachon|antoine deltour|macron
p7DHrdP-vM4,MACRON VA-T-IL BLOQUER LE PAYS ?,2018-04-06T12:24:16Z,UC9hHeywcPBnLglqnQRaNShQ,112350,6226,909,false,Entertainment,Macron|grève|manifestation|cheminots|sncf|hôpital|burn out|suicide|urgences|désertification|syndicat|plan social|liberté d'expression|démocratie|statut|blocage|union européenne|directives|traité|lobby|privatisation|emmanuel macron|cgt|dépense|économie|lit hospitalier
mvJH8IWD_GI,Interview #5 : Philippe Pascal et les fraudes sociales,2018-04-02T07:37:55Z,UC9hHeywcPBnLglqnQRaNShQ,22348,1348,153,false,Entertainment,fraudes sociales|fraude fiscale|fraude sociale|travailleurs détachés|philippe pascal|mariani|vaucluse|avignon|urssaf|ursaff|politiques|macron|hypocrite|menaces|mafia|intimidation|fonctionnaire|cnr|sécurité sociale|inspecteur|dénigrement|corruption|chantier|restaurant|hôtel|chambre du commerce
1sxHe6RdxgY,ARNAUD BELTRAME : MORT POUR LES AUTRES,2018-03-29T18:30:25Z,UC9hHeywcPBnLglqnQRaNShQ,22051,1392,210,false,Entertainment,hommage|arnaud beltrame|terrorisme|terroriste|trèbes|complot|macron|altruisme|patrie|nation|france|français|musulman|liberté|fraternité|patriotique|patriote|mort|militaire|état d'urgence|guerre|syrie
vT2EmD3bSi4,CE QUE LES MEDIAS NE DISENT PAS SUR LA SNCF,2018-03-22T20:35:53Z,UC9hHeywcPBnLglqnQRaNShQ,217786,10277,993,false,Entertainment,grève|manifestation|sncf|cheminots|train|macron|gouvernement|réforme|rapport|pépy|privatisation|rail|français|anglais|britannique|lobbying|libéralisation|sécurité|réseau|agents|désinformation|philippe|elisabeth borne|retard|gare|blocage|calendrier
o9xbFB1uMo8,Interview #4 : Barbara Demeneix et les perturbateurs endocriniens,2018-03-18T09:30:01Z,UC9hHeywcPBnLglqnQRaNShQ,10467,597,57,false,Entertainment,perturbateurs endocriniens|glyphosate|engrais|monsanto|pollution|alimentaire|autisme|cancer|additifs|cancérigènes|cerveau|produits de beauté|produits ménagers|plastique|docteur|macron|gouvernement|union européenne
VWRJhqHwXPI,DES POLITIQUES DE SANTÉ CRIMINELLES ?,2018-03-15T17:34:56Z,UC9hHeywcPBnLglqnQRaNShQ,19712,1732,208,false,Entertainment,urgences|victime|cardiaque|hôpital|manque|personnels|austérité|crime|accident|erreur médicale|lits|burn out|sous effectifs|grève|agnès buzyn|toulouse|perpignan|cochin|rennes|nimes|ardèche
nUI2At7Xv9k,PROTECTIONNISME : LA NATION FIRST ?,2018-03-11T17:44:05Z,UC9hHeywcPBnLglqnQRaNShQ,20128,1315,141,false,Entertainment,trump|donald|protectionnisme|nation|protection|immigration|macron|mondialisation|délocalisation|ouvriers|acier|bulgare|polonais|plombier|libre échange|altermondialiste|taxe|douanière|industrie|nationale
rWJCbSFJ49E,LA FAKE PROMESSE DE MACRON,2018-03-08T18:57:20Z,UC9hHeywcPBnLglqnQRaNShQ,53935,2767,297,false,Entertainment,macron|indemnités|démission|démissionnaire|chômage|promesse|meeting|paris|mensonge|isf|bernard arnault|riches|chomage|emploi|burn-out|burn out|effondrement|management|projet|entrepreneur|création d'entreprise|formation
NPsh6QiQ2YI,Interview #3 : Antoine Deltour et l'évasion fiscale,2018-03-04T09:30:00Z,UC9hHeywcPBnLglqnQRaNShQ,13824,705,56,false,Entertainment,Antoine Deltour|évasion fiscale|multinationale|vol|intérêt général|impôts|hôpital|biens communs|france|français|banque|luxembourg|juncker|junker|europe|ue|européenne|lanceur d'alerte|optimisation fiscale|fisc|bercy|politique|macron|moscovici|loi sapin 2|statut
wVWLgVNw5lM,"Paysans, Agriculteurs : maltraités par les politiques ?",2018-03-01T16:30:02Z,UC9hHeywcPBnLglqnQRaNShQ,13833,1079,156,false,Entertainment,salon de l'agriculture|agriculteurs|paysans|colère|grève|blocage|suicide|faillite|surendettement|glysophalte|roundup|monsanto|macron|hulot|écologie|alimentation|effondrement|engrais
20Q6le4NvaA,POUVOIR D'ACHAT : MACRON A-T-IL MENTI ?,2018-02-18T09:00:00Z,UC9hHeywcPBnLglqnQRaNShQ,25238,1591,153,false,Entertainment,pouvoir d'achat|macron|croissance|salaire|augmentation|relance|économique|chômage|prix|tarif|fin de mois|difficile|précaire|précarité
X9wxN7JN8dg,SDF : PEUT-ON RÉGLER LE PROBLÈME ?,2018-02-15T17:13:45Z,UC9hHeywcPBnLglqnQRaNShQ,15948,1166,112,false,Entertainment,SDF|froid|neige|miracle|regardez vous|surprise|sans abris|abbé pierre|france|marseille|lyon|paris|hébergement|centre|lits|mort|vieux|femme|logement|spéculation immobilière|loyer|RSA|hausse|augmentation
bPkvP0kBbTw,Interview #2 : Jean-Pierre Canet et le journalisme d'investigation,2018-02-11T11:42:19Z,UC9hHeywcPBnLglqnQRaNShQ,15336,888,68,false,Entertainment,investigation|cash investigation|élise lucet|journaliste|métier|réalité|état des lieux|journalisme|indépendance|oligarchie|liberté d'expression|liberté d'informer|information|20h|école|étudiants|précarité|précaire|censure|bolloré|déprogrammation|documentaire|censuré
9rMdKZ6Fv5A,SE DROGUER POUR RELANCER LA CROISSANCE ?,2018-02-08T17:53:05Z,UC9hHeywcPBnLglqnQRaNShQ,33161,1960,259,false,Entertainment,cannebis|drogue|fun|funny|drôle|comique|epic fail|drugs|pib|économie|relance économique|légalisation|fumer|cigarette|marque|trafic|gang|marseille|paris|lyon|toulouse|crise|déficit|dette
NPzSABGf47o,Les expériences folles du lobby automobile,2018-02-04T09:00:03Z,UC9hHeywcPBnLglqnQRaNShQ,19063,1294,74,false,Entertainment,voiture|cobaye|expérience|singe|animaux|humain|animal|maltraitance|lobby|automobile|volkswagen|bosh|bmw|diesel|dieselgate|trafique|triche|monkeysgate|pollution|air
PXYxR7bpJsc,Que faire de nos vieux ?,2018-02-01T15:28:06Z,UC9hHeywcPBnLglqnQRaNShQ,14807,1150,109,false,Entertainment,vieux|complot|groland|retraite|malade|ehpad|maison de retraite|burn out|grève|établissement|hôpital|macron|futur|jeune|jeunesse|riche|financement|métier|aide soignant|formation|pression|stress|travail
ibG0Dk1JDGk,Interview #1 : Irène Frachon et le lobby pharmaceutique,2018-01-28T09:53:31Z,UC9hHeywcPBnLglqnQRaNShQ,22361,1314,136,false,Entertainment,irène frachon|médiator|lobby|lobbies|médicament|vaccin|complot|censure|fake news|scandale|servier|laboratoires|médecins|complice|institution|académie de médecine|coeur|mort|milliers|2000|Frachon|Franchon|bruxelles|juncker|hopital|santé|malade|diabète|coupe faim
J9GCcXoXwzw,L'état déplorable des prisons françaises,2018-01-25T16:16:26Z,UC9hHeywcPBnLglqnQRaNShQ,10383,790,87,false,Entertainment,surveillants|grève|agent|pénitencier|prison|prisons|françaises|insécurité|sécurité|police|policier|personnel|blocage|agression|attaque|violence|macron|tatiana ventose
aIa3k1DYk-M,Lactalis : un scandale qui n'en finit pas,2018-01-21T10:23:48Z,UC9hHeywcPBnLglqnQRaNShQ,17399,1362,82,false,Entertainment,lactalis|scandale|lait contaminé|lot|poison|salmonelle|malade|bébé|nourrisson|fièvre|industrie alimentaire|malbouffe|grande distribution|leclerc|auchan|carrefour|intermarché|super u|usine|qualité|prix|agriculteur|colère|grève|blocage|manifestation|éleveur|condition|pression|lobbye|tatiana ventose
AazGdCw_ti0,Immigration : si on se posait les bonnes questions ?,2018-01-18T21:05:14Z,UC9hHeywcPBnLglqnQRaNShQ,51966,2033,347,true,Entertainment,immigration|migrants|calais|loi|asile|vol|délinquance|sécurité|arabe|marine le pen|Macron|président|france|afrique|gérard collomb|insécurité|le grand remplacement|idéologie|débat|diner de famille|raciste|racisme|religion|immigrés|voleur|tatiana ventose
dD39zbxaiB0,Les Fake News donnent le cancer,2018-01-11T18:33:04Z,UC9hHeywcPBnLglqnQRaNShQ,24988,2098,138,false,Entertainment,fake news|liberté d'expression|macron|neutralité du net|internet|site alternatif|journal|vérité|mensonge|trump|censure|tatiana ventose|dieudonné|soral|fachosphère|swj|les crises
jQs3Jx_LP54,Pourquoi faut-il défendre la neutralité du net ?,2017-12-22T10:49:27Z,UC9hHeywcPBnLglqnQRaNShQ,19979,1754,94,true,Entertainment,neutralité du net|internet|meme|liberté d'expression|opérateur|stéphane richard|orange|fin|mort|vote|verizon|apple|bill gates|steve jobs|reddit|net|neutrality|censure|bloqué|youtube|vidéo|contenu|politique|forfait|free|sfr|red|youtuber
wosSGD41RZI,AirBnb : une menace pour nos logements ?,2017-12-17T09:21:23Z,UC9hHeywcPBnLglqnQRaNShQ,29157,1639,119,false,Entertainment,airbnb|Air'bnb|location|paris|bordeaux|hôtel|chambre|qualité|service|arnaque|évasion fiscale|tension|uber|ubérisation|touriste|rejet|excès|succès|effet pervers|dérive|loyer|start up|carte de crédit|logement|sdf|sans abris|immobilier|spéculation|lobbying
8I1GqCdWpDI,Jérusalem : Trump irresponsable ?,2017-12-14T16:30:00Z,UC9hHeywcPBnLglqnQRaNShQ,14519,1056,114,false,Entertainment,jérusalem|jerusalem|israel|israël|conflit|capitale|état hébreu|trump|donald|président|usa|américain|tension|palestinien|turquie|arabie saoudite|turc|donald trump|president trump
jd0BNhlADGs,La conso de viande : un sujet politique ?,2017-12-10T09:06:29Z,UC9hHeywcPBnLglqnQRaNShQ,19728,1409,229,false,Entertainment,viande|carnivore|vegan|veggy|végétalien|cantine|repas|menu|enfant|éducation|comment|nicolas hulot|macron|transition écologique|pollution|déforestation|amazonie|école|variété|légumes|fruits|AMAP|bio|végétarien|végétarisme
m96MB5n1FtM,Johnny Hallyday : la voix d'une génération ?,2017-12-07T20:05:34Z,UC9hHeywcPBnLglqnQRaNShQ,19705,695,235,false,Entertainment,johnny hallyday|halliday|hallydai|jonni|line renaud|dutronc|début|concert|mort|décès|enterrement|cimetière|direct|hommage|funéraille|l'idole des jeunes|fan|collectionneur|live|blousons noirs|james dean|elvis presley|rebelle sans cause|la fureur de vivre|dick rivers|eddy mitchell|michel sardou
A2_kZ2acl6c,Galères de train : qui veut tuer le rail français ?,2017-11-26T09:49:06Z,UC9hHeywcPBnLglqnQRaNShQ,25063,1480,149,false,Entertainment,train|sncf|billet pas cher|retard|panne|accident|annulation|supprimé|trains|privé|ouigo|ouibus|bus macron|privatisation|tgv|réseau|rail|dégradations|vol|cheminots|grèves|conducteur|déraille|cher|bon plan
_D52iYTAkqE,Esclavage en Libye : nos dirigeants savaient,2017-11-23T18:29:02Z,UC9hHeywcPBnLglqnQRaNShQ,42250,2056,227,false,Entertainment,libye|lybie|esclavage|esclaves|afrique|africains|migrants|syrie|kadhafi|kadafi|sarkozy|guerre|bhl|bernard henri levy|pétrole|bolloré|huile de palme|pillage|exploitation|monoculture|agriculture|industrielle|intensive|désertification|eau|ressources|uranium|areva|dictature
dqrEUtgRPlg,[ANNONCE] Salon des lanceurs d'alerte les 2 et 3 décembre,2017-11-19T07:59:49Z,UC9hHeywcPBnLglqnQRaNShQ,7848,588,52,false,Entertainment,lanceurs d'alerte|antoine deltour|Irène Frachon|médiator|livre|rencontre|débat|dédicace|Philippe Pascot|Manuel Valls|luxleaks|Juncker|Junker|Union européenne|Maison des métallos|Snowden|Manning|désobéissance civile
qtTS4rBJptw,Que faire du nucléaire ?,2017-11-16T18:09:25Z,UC9hHeywcPBnLglqnQRaNShQ,17240,1158,210,true,Entertainment,nucléaire|accident|incident|nuage|radioactif|fukushima|russie|russe|tchernobyl|hulot|macron|centrale nucléaire|éolienne|transition|écologique|coût|emploi|make the planet great again
VG1bq1mD5bk,Iphone X : une addiction comme une autre ?,2017-11-12T08:58:17Z,UC9hHeywcPBnLglqnQRaNShQ,28291,1823,188,false,Entertainment,Iphone X|apple|smartphone|sortie|record|vente|vendu|millions|succès|story|addict|addiction|drogue|Samsung|tim cook|steve jobs|russel brand|foxconn|guillaume|meurice
iLPEVotDs2Q,Paradise Papers : quel coût pour 99% des gens ?,2017-11-09T17:48:56Z,UC9hHeywcPBnLglqnQRaNShQ,23636,2227,179,false,Entertainment,paradise papers|évasion fiscale|multinationales|apple|nike|trudeau|macron|cyprien|gaming|nintendo|fallout|impôt|journaliste|trump|the avengers|star wars|chewbacca|shakira|bono|lewis hamilton
edtsYVgv9Yg,La santé des français attaquée par les politiques ?,2017-11-05T08:59:10Z,UC9hHeywcPBnLglqnQRaNShQ,15983,1340,96,false,Entertainment,le whoop|stranger thing|santé|hôpital|hopital|sécurité sociale|soin|tarif|prix|augmentation|combien|hausse|sécu|dette|macron|voiture|wonder woman|kop|lacrim|orelsan
olROc2OVjWU,Les Universités de plus en plus sélect ?,2017-11-02T17:16:22Z,UC9hHeywcPBnLglqnQRaNShQ,28925,1410,128,true,Entertainment,fac|université|étudiants|concours|sélection|place|STAP|manque de places|vétuste|moyens|budget|précarité|tirage au sort|arbitraire|emmanuel macron|frédérique vidal|mélenchon|marine le pen|édouard philippe|tatiana ventôse
WeLtx5qVdRA,Fin de l'ISF : Open bar pour les riches?,2017-10-26T14:58:10Z,UC9hHeywcPBnLglqnQRaNShQ,21818,1723,110,true,Entertainment,macron|ISF|fortune|millionnaire|milliardaire|riches|impôts|oligarchie|pouvoir|france|français|nation|dette|hausse|prix|tarif|finance|mélenchon|hulot|start-up|PME|multinationale|patrons|luxe
z_33KzO4CrU,L'Affaire Weinstein : toi aussi #BalanceTonPorc ?,2017-10-19T16:27:45Z,UC9hHeywcPBnLglqnQRaNShQ,19872,1213,131,true,Entertainment,Harvey Weinstein|Ben Affleck|Tarantino|#BalanceTonPorc|#Moiaussi|#Metoo|harcèlement|au travail|viol|déni|honte|silence|complicité|justice|plainte|système|hollywood|matt damon|martin scorsese|eva green
Stl1pI6xf2Y,EUROPACITY : LE PROJET WTF DES MILLIARDAIRES,2017-10-13T12:25:07Z,UC9hHeywcPBnLglqnQRaNShQ,53743,3124,293,false,Entertainment,europacity|auchan|mulliez|hypermarché|gonesse|triangle|notre dame des landes|zad|politique|paris|ile-de-france|roissy|macron|écologie|hulot|taxe|bétonnage|terre agricole|agriculteur
EjPDmya8S1Y,Catalogne : vers un éclatement de l'Espagne ?,2017-10-05T15:37:41Z,UC9hHeywcPBnLglqnQRaNShQ,28879,1468,250,true,Entertainment,Catalogne|catalan|espagne|rajoy|référendum|violences|policière|police|vote|madrid|barcelone|déni|démocratique|indépendance|nationalisme|franco|guerre civile|macron|populisme|crise|chômage|austérité|dette
8K4KRGGXhxE,"Les automobilistes encore taxés pour "" lutter "" contre la pollution",2017-09-28T17:32:14Z,UC9hHeywcPBnLglqnQRaNShQ,19999,1482,114,false,Entertainment,voiture|auto|total|diesel|augmentation|gazole|hausse|taxe|tarif|gouvernement|macron|industrie|pollueur|polluante|climatique
FoZV5HA6vIc,Saint Martin : les citoyens ont-ils été abandonnés par l'Etat ?,2017-09-14T15:13:10Z,UC9hHeywcPBnLglqnQRaNShQ,18657,1326,130,false,Entertainment,irma|cyclone|saint martin|emmanuel macron|catastrophe|censure|évasion|prison|aides|retard|propagande|changement|climatique|réchauffement|pollution|effet de serre|dévastation|reconstruction
MdA-bKMPpFo,QUE CHANGENT LES ORDONNANCES MACRON DANS MON TRAVAIL ?,2017-09-07T17:29:21Z,UC9hHeywcPBnLglqnQRaNShQ,54893,2314,126,true,Entertainment,emmanuel macron|loi travail|xxl|gattaz|medef|licenciement|prud'homes|plafonnement|entreprise|start up|nouvelles|règles|lois|ce qui change|employé|salarié
6P8tYIaU_ZE,Macron face au travail détaché ?,2017-08-31T18:56:54Z,UC9hHeywcPBnLglqnQRaNShQ,17485,1188,56,false,Entertainment,travailleurs détachés|travailleur détaché|travail détaché|UE|union européenne|europe|Emmanuel Macron|Edouard Philippe|En marche|Pologne
EE_3GBrrQBQ,Deliveroo : quelles sont les pratiques de la nouvelle économie ?,2017-08-24T17:23:56Z,UC9hHeywcPBnLglqnQRaNShQ,32882,1984,151,false,Entertainment,Deliveroo|livreurs|grève|manifestation|restaurant|ubérisation|uber|macron|emmanuel|nouvelle économie|auto-entrepreneur|rsi|salaire|livraison|esclavage moderne|flexibilité|liberté|économie|libéralisme
t8s7X5NJDxQ,[Fil d'Actu] Contrats aidés : le Fil d'Actu vous donne la parole,2017-08-17T17:11:56Z,UC9hHeywcPBnLglqnQRaNShQ,14706,1151,60,false,Entertainment,contrats aidés|CUI|CIE|pole emploi|emmanuel macron|assocation|gel|stop|fin|pertigaud|économie|mairie
JaZj2pH21ik,[Fil d'Actu] Macron : Gel des Contrats aidés,2017-08-13T11:32:56Z,UC9hHeywcPBnLglqnQRaNShQ,40466,2259,226,false,Entertainment,emmanuel macron|contrats aidés|CUI|contrat d'avenir|jeunes|emplois|formation|directive|pôle emploi|gel|frein|fin|courbe du chômage|précarité|chomeur|PME|TPE|association|financement|aide|edouard david
gwHaZw9BDy4,"[Fil d'Actu #73] Neymar, le PSG et l'argent du Qatar",2017-08-10T15:49:43Z,UC9hHeywcPBnLglqnQRaNShQ,28952,1607,129,false,Entertainment,Neymar|Jr|PSG|Paris-Saint-Germain|Qatar|foot|football|business|supporter|ultras|liste noire|vip|parc des princes|qatari|FC Barcelone
EQwFCw1ihII,[Fil d'Actu #72] Macron | T411 | La Poste,2017-07-06T17:52:14Z,UC9hHeywcPBnLglqnQRaNShQ,57776,2500,160,false,Entertainment,emmanuel macron|gouvernement|politique|austérité|silicon valley|idéologie|philosophie|édouard david|en marche|start-up|uber|T411|téléchargement illégal|download|peer-to-peer|streaming|film|musique|major|studio|la poste|facteur|facture
-bcy8Z8-JQw,[Fil d'Actu #71] Angleterre | Sécheresse | Harry Potter,2017-06-29T15:10:47Z,UC9hHeywcPBnLglqnQRaNShQ,29318,1685,73,false,Entertainment,Grenfell Tower|tour|londres|incendie|Theresa May|drame national|angleterre|royaume-uni|feu|sécurité|luxe|riches|pauvres|sécheresse|canicule|pénurie d'eau|agriculteurs|agriculture|paysan|eau|restriction|chaleur|hiver|sec|france|antarctique|pluie|phoenix|50|degrés|harry potter|20 ans|anniversaire|saga|métaphore|société|fascisme|régime totalitaire|héros|joseph campbell|mythe|moderne|conte|analyse|génération|fan|rowling
mIijfwCxLZM,[Fil d'Actu #70] État d'urgence | Management | Démocratie,2017-06-15T15:28:50Z,UC9hHeywcPBnLglqnQRaNShQ,26836,1560,58,false,Entertainment,état d'urgence|terrorisme|loi|lutte contre|gouvernement|macron|edouard david|démocratie|sanofi|ranking|rancking|plan social|pression|employés|cadre|témoignage|face cachée|abus|condamnation|doliprane|management|législative|profession de foi|bulletin|tract|prospectus|candidats|upr|npa|fo|cgt|france insoumise|fi|républicains|fillon|mélenchon|policier|militaire|sécurité
fClYwIeDdoQ,[Fil d'Actu #69] Ordonnances | Législatives | Emplois verts,2017-06-08T14:42:13Z,UC9hHeywcPBnLglqnQRaNShQ,28452,1511,72,false,Entertainment,emmanuel macron|ordonnances|loi travail|loi el khomri|concertation|acteurs|sociaux|burn out|gattaz|patrons|cac40|législatives|en marche|technocrate|édouard david|gouvernement|premier ministre|candidats|mouvement|citoyen|sous-marin|cherbourg|veolia|Véolia|transition écologique|1 million|million|emploi|attac|collectif roosevelt|nucléaire|démantèlement|déconstruction|centrale|ouvriers|formation|écologie|hulot|on vaut mieux que ça|#OnVautMieuxQueCa
PGMo65T93r0,[Fil d'Actu #68] Routiers | Hypermarchés,2017-06-01T15:30:24Z,UC9hHeywcPBnLglqnQRaNShQ,21532,1401,57,false,Entertainment,grève|routiers|pénurie|essence|station|blocage|chauffeur|transporteur|citerne|danger|accident|camion|produits|chimiques|toxique|espérance de vie|supermarché|illégal|superficie|impayé|hypermarché|Carrefour|Auchan|zone commerciale|centre ville|désertification|urbanisme|fermeture|magasin|petit commerce|ferme
0L2APo0IQOM,[Fil d'Actu #67] Harcèlement de rue | Moralisation politique | Nucléaire Suisse,2017-05-25T16:44:25Z,UC9hHeywcPBnLglqnQRaNShQ,41204,1700,173,false,Entertainment,migrants|harcèlement de rue|la Chapelle|Paris|Gare du Nord|migration|sdf|délinquance|sexisme|paroles déplacées|souffrance|moralisation|de la politique|Fillon|Cahuzac|tous pourris|Macron|évasion fiscale|privilège|famille|enfant|rozier|gouvernement|loi|référendum|nuclaire|suisse|epr|centrale|transition|écologique|coût|danger|mort|radiation|uranium
mLgHsF6MQIE,[Fil d'Actu #66] Edouard Philippe | La Baule | Mode éthique,2017-05-18T16:14:02Z,UC9hHeywcPBnLglqnQRaNShQ,33424,1989,111,false,Entertainment,Emmnauel Macron|Edouard Philippe|1er ministre|Premier ministre|maire du Havre|gouvernement|Alain Juppé|François Fillon|Aréva|La Baule|plage|privatisée|Véolia|Veolia|petits commerçants|loyer|hausse|American Apparel|faillite|fermeture|magasin|mode éthique|green washing|H&M|Bengladesh
vRhCgoIo54A,L'APRES-PRESIDENTIELLE : COMMENT DONNER DU SENS A LA POLITIQUE ?,2017-05-11T16:57:35Z,UC9hHeywcPBnLglqnQRaNShQ,19230,1775,139,false,Entertainment,présidentielle|élection|après|que faire|citoyen|changer les choses|emmanuel macron|marine le pen|jean-luc mélenchon|françois fillon|youtuber|faire des vidéos|nuit debout
awIVcFPnf9I,PRESIDENTIELLE : TOUS PERDANTS ?,2017-05-02T15:21:17Z,UC9hHeywcPBnLglqnQRaNShQ,26586,1508,191,false,Entertainment,élection|présidentielle|abstention|abstentionniste|marine le pen|emmanuel macron|mélenchon|mélanchon|militant|parti|camp|affaires|fillon|justice|démocratie|résultats|deuxième tour|président|présidente|analyse|politique|citoyen|benoit hamon|parti socialiste|les républicains
oAI6Kx5pZ9k,PRESIDENTIELLE : QUELLE FRANCE POUR DEMAIN ?,2017-04-20T17:59:36Z,UC9hHeywcPBnLglqnQRaNShQ,19129,1254,146,false,Entertainment,élection|présidentielle|vote|sondage|macron|fillon|mélenchon|marine|le pen|favori|france|citoyen|abstention|abstentionniste|dérèglement climatique|urgence|écologique|tatiana ventôse
W0tx7PDW4Lk,"[Fil d'Actu #65] Trump et la Syrie, antisystème ? | Fessenheim et l'avenir du nucléaire",2017-04-13T16:22:39Z,UC9hHeywcPBnLglqnQRaNShQ,23850,1071,59,false,Entertainment,Trump|Donald|Président|Etats-Unis|Syrie|Bachar el Assad|bombardements|Russie|Poutine|géopolitique|America First|Make America Great Again|George Bush|Guerre|Irak|Afghanistan|Lybie|Amérique|fessenheim|nucléaire|ségolène royal|mélenchon|énergies renouvelables|écologie|électricité
9aRux3PhUd8,PRESIDENTIELLE 2017 | Pouvoir d'achat | L'Oeil du Fil,2017-04-10T10:09:54Z,UC9hHeywcPBnLglqnQRaNShQ,15887,768,86,false,Entertainment,pouvoir d'achat|macron|le pen|mélenchon|hamon|présidentielle|élection|programme|mesures|changement|promesse|interdit bancaire|précarité|fin de mois difficile|président|aider|quotidien|banque|crédit|violence|pauvres|riches|inégalité|augmentation|salaire|smic
bmQ0Fh5vkrA,[Fil d'Actu #64] Liu Shaoyao | Colombie | Vélib',2017-04-06T17:17:59Z,UC9hHeywcPBnLglqnQRaNShQ,22990,1222,60,false,Entertainment,liu shaoyao|chinois|asiatique|racisme|bavure policière|manifestation|famille|enfants|vélib'|vélo|bolloré|colombie|catastrophe|mocoa|amazonie|déforestation|imperméabilité|sol|coulée de boue|privatisation|service public|paris|clients|tarif|réseau|repreneur
q3hMQsfuaLw,PRESIDENTIELLE 2017 | Le Travail sous pression | L'Oeil du Fil,2017-04-02T15:53:21Z,UC9hHeywcPBnLglqnQRaNShQ,23852,1085,110,false,Entertainment,travail|chomage|chomeurs|précarité|précariat|marine le pen|poutou|besancenot|mélenchon|macron|présidentielles|élection|temps de travail|robot|cdi|cdd|burn out|burnout|épuisement|conditions de travail|loi travail|el khomri|hollande|fillon|mc donald|mc do|mc donald's|primark|auchan|carrefour|h&m|zara|interim|maladie|caissière|vendeuse|bureau|open space|manager|managing|peur|avc|drh|hopital|coach|syndrôme|symptôme|mal de dos|mal au dos|culpabilité|patron|direction|amazon
58vFkAmABt8,[Fil d'Actu #63] Guyane | Cabinet noir | Déficit,2017-03-30T18:19:57Z,UC9hHeywcPBnLglqnQRaNShQ,28773,1309,112,false,Entertainment,guyane|manifestation|nou bon ké sa|les 500 frères|grève|générale|bloqué|barrage|pénurie|immigration|insécurité|cayenne|dom tom|macron|ile|fillon|cabinet noir|complot|théorie du complot|internet|déficit|banque|idéologie|BCE|union européenne|services publiques|hopital|la poste|SNCF|économie|entreprise|état|pays|faillite|vision à long terme|écologie|politique|changement climatique
-0liKk7W3aQ,[Fil d'Actu #62] Candidats | Fusillades | Clause Molière,2017-03-23T19:47:47Z,UC9hHeywcPBnLglqnQRaNShQ,28337,1234,127,false,Entertainment,présidentielles|élection|dupont-aignan|fillon|mélenchon|marine le pen|poutou|asselineau|hamon|candidats|parrainages|débat|fussillade|grasse|attentat|terrorisme|clause molière|pécresse|wauquiez|UE|europe|travailleurs détachés|sous traitant|interim|bouygues|eiffage|vinci|scandale|travail|emploi|chomage|fraude
wUxnibHNcG4,PRÉSIDENTIELLE 2017 | Que faire de l'Union Européenne? - L'Oeil du Fil #6,2017-03-20T07:45:31Z,UC9hHeywcPBnLglqnQRaNShQ,26268,1199,207,false,Entertainment,union européenne|ue|europe|juncker|lobbye|lobbies|commission européene|référendum|2005|traité de lisbonne|ceta|ttip|traité transatlantique|oligarchie|peuple|brexit|frexit|marine le pen|asseaulineau|front national|mélenchon|osons causer|maastricht|histoire|construction|étape|démocratie|média|manipulation|schulz|merkel|allemagne|guerre|paix|présidentielle|élection|candidat|macron|fillon
cdAHfSOwoY0,PRÉSIDENTIELLE 2017 | 9 Mesures contre la Corruption - L'Oeil du Fil #5,2017-03-12T11:25:47Z,UC9hHeywcPBnLglqnQRaNShQ,22918,1114,195,false,Entertainment,François Fillon|fil d'actu|présidentielles|corruption|Le Pen|Mélenchon|La Revue de la semaine
H3UOnPQA6Hk,[Fil d’Actu #61] Médiator : le poids des lobbies / SNCF contre SNCF / Préservatif connecté,2017-03-09T18:38:22Z,UC9hHeywcPBnLglqnQRaNShQ,28751,1415,103,false,Entertainment,servier|macron|bus|éthique|médecin|docteur|santé|médiator|démission|scandale|lobbies pharmaceutiques|médicaments|lobby|ter|région bretagne|sncf|préservatif|connecté|icone|i.con|smartphone|culte|de|la|performance|porno|chic|pornographie|sexisme|homme|femme|service publique|privatisation|état|british condoms|condom|wifi|hacker|vie privée
sGG94XX5z48,PRESIDENTIELLE 2017 | Notre santé est-elle leur priorité ? | L'Oeil du Fil #4,2017-03-05T00:06:32Z,UC9hHeywcPBnLglqnQRaNShQ,19255,961,88,false,Entertainment,Hôpital|santé|médecins|infirmières|grève|7 mars|médicaments|sécurité sociale|charges sociales|cotisations|bernard friot|déserts médicaux|la sociale|fillon|le pen|mélenchon|macron|remboursement|dentistes|mutuelles|inégalités|perturbateurs endocriniens
IAlPk68oVpc,[Fil d'Actu #60] Candidats 2017 : immunité ou impunité? | Uber arnaque | JO 2024 : grand business,2017-03-02T19:58:02Z,UC9hHeywcPBnLglqnQRaNShQ,36985,1953,150,false,Entertainment,François Fillon|Marine Le Pen|LR|FN|Justice|affaires|Penelope|fraude fiscale|emplois fictifs|juges|complot|élection présidentielle|corruption|détournement de fonds publics|prescription|uber|harcèlement|vtc|chomage|emploi|travail|salaire|jeunes|entreprise|autoentrepreneur|charges|Jeux Olympiques|Paris|Hidalgo|Budapest|référendum|bouygues|eiffage|athènes|Rio|sport|stade|village olympique|CIO
3MmPvQfohsk,"PRESIDENTIELLE 2017 | Agriculture, élevage, paysans, un modèle dans l'impasse ? | L'Oeil du Fil #3",2017-02-26T10:32:29Z,UC9hHeywcPBnLglqnQRaNShQ,21293,945,87,false,Entertainment,Salon de l'Agriculture|Fillon|Marine Le Pen|Macron|Hamon|Mélenchon|élections|présidentielle|élevage|vegan|crise agricole|xavier beulin|FNSEA|confédération paysanne|écologie|europe|UE|Union Européenne|économie|campagne
OzhI3HS9qh4,[Fil d'Actu #59] Corruption sans punition | L'UE vote le CETA sans citoyens | Decodex et Fake News,2017-02-23T19:59:45Z,UC9hHeywcPBnLglqnQRaNShQ,45449,2353,219,true,Entertainment,CETA|UE|Europe|corruption|assemblée|députés|vote|citoyens|prescription|fake news|post vérité|lordon|ruffin|decodex|fillon|marine le pen|parlement européen
2AMAy6HW25A,PRESIDENTIELLE 2017 | La Sécurité n'est-elle qu'une histoire de police ? - L'Oeil du Fil #2,2017-02-19T09:37:16Z,UC9hHeywcPBnLglqnQRaNShQ,22466,1147,70,false,Entertainment,sécurité|théo|police|marine le pen|yannick jadot|benoit hamon|jean luc mélenchon|françois fillon|élections|présidentielle|france|violence|délinquence|dignité|banlieues|insécurité
BAsY5g97dwg,[Fil d'Actu #58] Affaire Théo | Fillon payé par Axa | L'UE étrangle la Grèce,2017-02-16T21:16:13Z,UC9hHeywcPBnLglqnQRaNShQ,46501,2025,188,false,Entertainment,Théo|Police|Fillon|Conflit intêret|Axa|Europe|Grèce|banlieue|aulnay sous bois|corruption|de castries|bilderberg|présidentielle|émeutes|UE|Union Européenne|FMI|dette|troika|memorendum|tsipras|syriza
zNqNmzHuOWM,"PRESIDENTIELLE 2017 | Travail, compétitivité, c'est quoi le problème ? - L'Oeil du Fil #1",2017-02-12T01:24:00Z,UC9hHeywcPBnLglqnQRaNShQ,32900,1892,196,true,Entertainment,fillon|mélenchon|macron|travail|compétitivité|économie|productivité|medef|friot|charges sociales|cotisations|sécurité sociale|fonctionnaires|PIB|richesse|uber
0Z0Ksei6J6Y,"[Fil d’Actu #57] Métropole, Roumanie & EDF",2017-02-09T19:10:50Z,UC9hHeywcPBnLglqnQRaNShQ,31592,1527,98,true,Entertainment,Gérard Collomb|Métropole|Grand Lyon|Mercier|Région|Département|administration|campagne|ville|rural|urbain|roumanie|manifestations|anticorruption|politique|nda|citoyens|roumains|révolution|printemps européen|edf|licenciement|sécurité|centrale|nucléaire|Fessenheim|Fukushima
enizZHZS9LY,Annonce : bientôt une nouvelle émission !,2017-02-07T22:08:36Z,UC9hHeywcPBnLglqnQRaNShQ,11264,1091,65,true,Entertainment,#Fil d'actu|Tatiana Ventôse|Fil d'actu|présidentielles|élections présidentielles|Macron|Le Pen|Fillon|Mélenchon|Hamon|journal|jité|campagne|programmes|mesures|analyse
mnjF3tZ-KOo,"[Fil d'Actu #56] Valls/Fillon, Eau & Mode",2017-02-02T17:50:31Z,UC9hHeywcPBnLglqnQRaNShQ,44245,2088,193,true,Entertainment,Valls|Fillon|primaire|Pénélopegate|Pénélope Fillon|Assistante parlementaire|Fraude|Emploi fictif|Le Canard Enchainé|Les Républicains|Front National|rigueur|austérité|corruption|politique|PCF|parti communiste|patrice carvalho|françois fillon|Juppé|Hollande|Sarkozy|Véolia|Suez|eau|gestion|coupure d'eau|robinet|eau courante|facture|mode|soldes|h&m|zara|bengladesh|usine|ouvriers|coût|pollution|PS|parti socialiste
FZN3fR7DL_4,"[Fil d’Actu #55] Crit'air de pollution, Brexit fiscal et Orientation à la fac",2017-01-26T17:15:06Z,UC9hHeywcPBnLglqnQRaNShQ,30932,1291,156,false,Entertainment,pollution|crit'air|paris|hidalgo|pécresse|ratp|voiture|stockholm|transports|gaz à effet de serre|brexit|theresa may|paradis fiscal|europe|union européenne|université|fac|orientation|APB|post-bac|admission|études|étudiants|bourses|crous
chEmsiopkpg,"[Fil d’Actu #54] Grippe et hôpital, Auchan & Trump",2017-01-20T00:35:40Z,UC9hHeywcPBnLglqnQRaNShQ,33324,1603,86,false,Entertainment,grippe|hôpital|pénurie|lits|infirmières|docteurs|dette|budget|austérité|épidémie|auchan|mulliez|famille|decathlon|kiabi|saint maclou|évasion fiscale|impôt|fortune|les plus riches|france|supermarché|fausse couche|caissière|trump|wall street|investiture|gouvernement|obamacare|libéraux|russie|poutine|marisol touraine
_7W4EQmJ6Mw,"[Fil d’Actu #53] Cannabis, Poutine & Froid hivernal",2017-01-12T17:27:02Z,UC9hHeywcPBnLglqnQRaNShQ,48740,2190,157,true,Entertainment,cannabis|marseille|gangs|sécurité|délinquance|deal|trafic|drogue|dépénalisation|légalisation|poutine|clinton|trump|USA|OTAN|Russie|Froid|Chauffage|précarité énergétique|EDF|gaz
BBONjcJxRLU,"[Fil d’Actu #52] Pollution, Corruption & Transports",2016-12-15T19:32:44Z,UC9hHeywcPBnLglqnQRaNShQ,27566,1436,49,true,Entertainment,pollution|pic de pollution|christine lagarde|tapie|bernard tapie|credit lyonnais|corruption|transports|sncf|gare du nord|RER B|trains|écotaxe|écologie
F9pJzbHrkGo,"[Fil d’Actu #51] Italie, Présidentielles & IVG",2016-12-08T18:03:41Z,UC9hHeywcPBnLglqnQRaNShQ,19484,1125,79,true,Entertainment,
_-apR2k42gM,[FDA #50] Corruption : Dassault détrônera-t-il Balkany?,2016-12-04T13:45:30Z,UC9hHeywcPBnLglqnQRaNShQ,6296,268,14,true,Entertainment,Dassault|Corbeil|Essonne|Figaro|Mediapart|Sénat|corruption|fraude fiscale
8erw1R_PF7k,"[Fil d’Actu #50] Airbus, Climat & Dassault",2016-12-01T18:27:13Z,UC9hHeywcPBnLglqnQRaNShQ,21409,1150,85,true,Entertainment,airbus|emploi|climat|pole nord|inlandsis|glace|banquise|vieille glace|finance|dassault|corbeil-essonnes|corruption|fraude fiscale|politique|économie|travail
Xp0V1mL5XhE,"[Fil d’Actu #49] Fraudes fiscales, Logement & Elections US",2016-11-24T18:18:27Z,UC9hHeywcPBnLglqnQRaNShQ,24539,1255,80,true,Entertainment,fraude fiscale|panama papers|michel sapin|économie|bettencourt|impots|paradis fiscaux|logement|DAL|SDF|migrants|hébergement|hiver|froid|samu social|propriétaire|USA|élections|Trump|Clinton|Sanders
mWibzzy1Gg4,"[Fil d’Actu #48] Fichiers biométriques, tabac & Maroc",2016-11-13T12:32:58Z,UC9hHeywcPBnLglqnQRaNShQ,22065,1030,76,false,Entertainment,fichier monstre|fichier TES|cazeneuve|fichage|liberté|maroc|printemps arabes|manifestations|tabac|santé|lobby|cigarette|mois sans tabac|hollande|sarkozy
iBKdhOnEiz8,Président Trump. Et maintenant ?,2016-11-10T18:32:45Z,UC9hHeywcPBnLglqnQRaNShQ,26564,728,65,true,Entertainment,donald trump|hillary clinton|républicains|démocrates|USA|mickael moore|fight club|edward norton|présidentielles|élection|michigan|bernie sanders|politique|économie|protectionnisme|simpsons
92-Go4T6jbY,[FDA #47] Trump VS Clinton : qu'est-ce qui se joue aux USA ?,2016-11-09T11:55:18Z,UC9hHeywcPBnLglqnQRaNShQ,9872,218,31,false,Entertainment,donald trump|républicains|USA|clinton|FBI|KKK|floride|primaires|politique|syrie|poutine
6l9MZ2l_DUg,"[Fil d’Actu #47] Clinton vs Trump, Nucléaire, Obésité",2016-11-04T09:59:54Z,UC9hHeywcPBnLglqnQRaNShQ,27719,1106,71,true,Entertainment,clinton|trump|usa|POTUS|nucléaire|areva|cigeo|hinckley point|uranium|réacteurs|ASN|obésité|santé|malbouffe|fast food|régime|sport
kwZBnrXGMOg,"[Fil d'actu #45] Justice, Syrie, Indépendance des médias",2016-10-21T11:00:23Z,UC9hHeywcPBnLglqnQRaNShQ,16792,737,83,true,Entertainment,politique|syrie|morandini|bolloré|poutine|obama|daesh|isis|hollande|justice|un président ne devrait pas dire ca|itélé|censure|médias|liberté d'expression
ni6O2KzT35I,[Fil d'Actu Spécial] I-Télé : de Morandini à Bolloré,2016-10-20T16:20:56Z,UC9hHeywcPBnLglqnQRaNShQ,10480,486,29,false,Entertainment,bolloré|morandini|itélé|direct matin|grève|journalisme|médias|corruption|afrique|sarkozy
5ZbRTKFVE_g,Soutenez le fil d actu sur Tipeee !,2016-10-18T11:10:19Z,UC9hHeywcPBnLglqnQRaNShQ,3272,265,22,true,Entertainment,
Uiwc3fDNpZE,[FDA #23] Problèmes d'intégration dans le 16eme arrondissement de Paris,2016-10-17T14:23:46Z,UC9hHeywcPBnLglqnQRaNShQ,13903,391,36,false,Entertainment,centre d'hébergement|sdf|migrants|réfugiés|16eme|pinçon charlot|hidalgo|ian brossat|paris|intégration|riches|pauvreté|sans-abri
gY3LtMjyFgc,[FDA #44] CICE Emploi : 48 milliards en fumée ?,2016-10-16T12:17:06Z,UC9hHeywcPBnLglqnQRaNShQ,12021,330,17,false,Entertainment,hollane|gattaz|medef|CICE|économie|emploi|scandale|cac 40|actionnaires|impôts|budget|finance
bMqHm7TR1jI,[FDA #44] IVG : le gouvernement polonais remis en place par ses citoyennes,2016-10-15T12:37:10Z,UC9hHeywcPBnLglqnQRaNShQ,2185,95,4,true,Entertainment,
TTZnIoK1vuQ,[FDA #44] Affaires : Le FN est-il un parti comme les autres ?,2016-10-15T12:36:14Z,UC9hHeywcPBnLglqnQRaNShQ,3869,154,20,true,Entertainment,front national|marine lepen|procès|affaires|excroquerie|corruption|politique|fn|justice
ehi_DXIRdSI,"[Fil d'Actu #44] Affaires, Emploi & Droits des femmes",2016-10-13T16:52:23Z,UC9hHeywcPBnLglqnQRaNShQ,22398,827,36,true,Entertainment,
i_yC0ob7qzY,[FDA #43] Deutsche Bank : La prochaine crise expliquée en 4 minutes,2016-10-09T13:17:49Z,UC9hHeywcPBnLglqnQRaNShQ,30957,938,59,false,Entertainment,DeutscheBank|crise|merkel|subprimes|finance|dette|allemagne|politique|UE|brexit
2kjvvmyD-WI,"[Fil d’Actu #43] Logement, Primaires & Crise financière",2016-10-06T17:57:19Z,UC9hHeywcPBnLglqnQRaNShQ,15574,767,78,true,Entertainment,logement|abbé pierre|immobilier|deutsche bank|subprimes|crise|primaires|primaire de droite|sarkozy|montebourg|juppé|hollande|merkel|euro|allemagne|kardashian
XKqRnierWVY,[FDA #17] RSA et travail gratuit : est-ce une si bonne idée ?,2016-10-05T10:03:43Z,UC9hHeywcPBnLglqnQRaNShQ,7419,363,52,false,Entertainment,Application de montage YouTube
ywUtWliNjmU,[FDA #42] Sécurité sociale sauvée. Vraiment ?,2016-10-01T15:07:10Z,UC9hHeywcPBnLglqnQRaNShQ,932,36,0,false,Entertainment,
A0ug_elWX4o,[FDA #42] Renouveau politique au Portugal ?,2016-10-01T14:57:47Z,UC9hHeywcPBnLglqnQRaNShQ,2750,50,4,false,Entertainment,
_0NlGDGCGYw,[FDA #42] Vision à court terme à Calais ?,2016-10-01T14:55:18Z,UC9hHeywcPBnLglqnQRaNShQ,1421,40,0,false,Entertainment,
M5ACpQVo3QQ,"[Fil d’Actu #42] Sécu, Portugal, Calais",2016-09-29T18:52:58Z,UC9hHeywcPBnLglqnQRaNShQ,15157,786,34,true,Entertainment,
UoPjmKt5hW8,"[FDA#41] MONSANTO+BAYER, un danger planétaire ?",2016-09-28T19:10:25Z,UC9hHeywcPBnLglqnQRaNShQ,3217,92,10,false,Entertainment,Monsanto|Bayer|Glysophate|Roundup|semence|graine|agriculture|pesticide|cancer|malformation|l'agent orange|Auschwitz|camp|juif|chimie|pollution|sol|terrain|multinational|monopole|fusion|rachat|danger|marche|ogm|paysan|permaculture|lobbies|union européenne|abeilles|effondrement|maladie|médicament|industrie|vente|expérience
GJ8_BnhTOjs,[FDA#41] Uber et la robotisation: libération ou menace ?,2016-09-28T11:45:10Z,UC9hHeywcPBnLglqnQRaNShQ,2282,38,0,true,Entertainment,uber|über|taxi|chauffeur|exploitation|robotisation|robot|automatique|conduite|modernisation|investissement|progrès|machine|homme|humain|mr robot|travailleur indépendant|smic|exploité|scandale
aCjv1y6HnQk,[FDA #41] Qui paiera la modernisation des autoroutes ?,2016-09-25T14:40:12Z,UC9hHeywcPBnLglqnQRaNShQ,1317,45,2,false,Entertainment,autoroute|péage|hausse|augmentation|tarifs|prix|ticket|autoroutier|racket|travaux|vinci|construction|eiffage|route|voitures|automobiliste|privatisation|argent public|manque à gagner|arafer
zwV-dj0oudw,"[Fil d’Actu #41] Monsanto, autoroutes et Uber",2016-09-22T16:43:59Z,UC9hHeywcPBnLglqnQRaNShQ,19887,975,92,false,Entertainment,
512UzT8H778,[FDA #39] La réforme des collèges est-elle faisable ?,2016-09-20T15:51:51Z,UC9hHeywcPBnLglqnQRaNShQ,2220,77,4,false,Entertainment,école|collège|réforme des collèges|professeur|élève|personnalisé|moyen|classe|en détresse|éducation nationale|belkacem|SNES|réforme|moratoire|rentrée scolaire|inégalité|programme|interdisciplinaire|manuel|scolaire|pénurie|pole emploi|état|accompagnement personnalisé|nicole ferroni|gouvernement|valls|hollande|ministère|enfants|avenir
T2nx3NE8nEM,[FDA #39] Comment APPLE fraude le fisc en Europe ?,2016-09-20T15:51:31Z,UC9hHeywcPBnLglqnQRaNShQ,2769,88,4,false,Entertainment,Apple|Steve Jobs|Iphone|Europe|Irlande|fraude fiscale|fisc|milliards|citoyens|intérêt général|impôt|taxe|multinationale|vol|condamné|amende|commission européenne|subvention|traité européen|dette|crise|FMI|Dublin|Facebook|Google|baisse fiscale|concurrence|luxleaks
NEobYCNNSi8,[FDA #39] Que nous dit le racisme anti-asiatique?,2016-09-20T15:51:07Z,UC9hHeywcPBnLglqnQRaNShQ,5314,135,44,false,Entertainment,racisme|chinois|anti|agression|manifestation|Belleville|Aubervilliers|gratuité|effectif|policier|police|communauté chinoise|Zhang Chaolin|Sarkozy|Pécresse|Paris|parisien|préjugé|sécurité pour tous
5raAC6aGSVA,[FDA#40] Comment expliquer le désastre Alstom ?,2016-09-20T15:50:44Z,UC9hHeywcPBnLglqnQRaNShQ,2478,82,2,false,Entertainment,Alstom|Macron|privatisation|plan social|fermeture|état|Hollande|Valls|Montebourg|general electric|GE|train|TGV|fleuron|industriel|pollution|bus|car|ferroviaire|joyau|vente|brader|pillage|industrie|française|France|français|Belfort|bénéfices|enjeux stratégiques
Pw5jKHBpOOY,[FDA#40] La Poste met-elle en danger ses employés ?,2016-09-20T15:50:16Z,UC9hHeywcPBnLglqnQRaNShQ,1627,76,5,false,Entertainment,La poste|AVC|employée|salariée|mise en danger|plainte|sauver la vie|management|lean|manager|direction|Philippe Dorge|PSA|Peugeot|Aulnay|postière|danger|mort|accident|du travail|harcèlement|licenciement|privatisation|suicide|inspection du travail|france telecom|télécom|syndicat|abusif|villeneuve-d'ascq|poste|émeline broequevielle|CDD
hVd2GtiMlbc,[FDA#40] A qui profite la baisse d'impôts ?,2016-09-20T14:07:02Z,UC9hHeywcPBnLglqnQRaNShQ,3569,102,7,false,Entertainment,impôt|impôts|impot|impots|sur le revenu|riches|pauvres|sapin|bercy|baisse d'impôts|élections présidentielles|hollande|valls|clientélisme|classes sociales|plan com|TVA|cadeaux fiscaux|prime pour l'emploi|classe moyenne|2017|élection|insee|taxes|ménages|entreprises|PME|contrepartie|gattaz
wmTvQbudCIk,"[Fil d’Actu #40] ALSTOM, AVC à La Poste et Impôts",2016-09-15T17:29:01Z,UC9hHeywcPBnLglqnQRaNShQ,17431,855,63,true,Entertainment,Alstom|Macron|TGV|CGT|Acier|Sapier|Bénéfice|Patron voyou|Fleuron|industriel|plan social|syndicaliste|AVC|La Poste|plainte
C_7DSI516jI,"[Fil d’Actu #39] Rentrée scolaire, Impôts d'Apple et Racisme anti-asiatique",2016-09-10T14:10:45Z,UC9hHeywcPBnLglqnQRaNShQ,14799,694,45,false,Entertainment,Rentrée scolaire|Evasion fiscale|Racisme anti-asiatique|Apple|Irlande|Chinois|Chaolin|Sécurité|Education nationale|Réforme des collèges|Fil d'actu|Journal|réforme des collèges|belkacem|élève|classe|professeur|collège|programme
AaD3Dvg92Kc,[FDA #38] A qui profite le coup d'état en Turquie ?,2016-09-06T11:36:56Z,UC9hHeywcPBnLglqnQRaNShQ,4104,117,20,false,Entertainment,erdogan|turquie|PKK|coup d'état|putsch|armée|union européenne|Europe|Merkel|état d'urgence|répression|purge|journalistes|écrivains|artistes|turc|syrie|OTAN|Recep Tayyip Erdogan
PBvOdt6TaXg,[FDA #38] Que cache la folie meurtrière des attentats ?,2016-09-06T11:36:42Z,UC9hHeywcPBnLglqnQRaNShQ,2651,105,7,false,Entertainment,attentat|daesh|nice|munich|fusillade|forcené|auteur|folie|meurtrière|mass murder|psychologie|asociaux|terroriste|radicalisation|panique|violence|coup de feu|explosition|censure|syrie|el|état islamique|estrosi|terrorisme|fou
ADAh1cY2DlI,"[FDA#38] En Italie, le désastre du séisme était-il évitable ?",2016-09-06T11:36:31Z,UC9hHeywcPBnLglqnQRaNShQ,2478,71,5,false,Entertainment,italie|séisme|tremblement de terre|amatrice|rome|italien|berlusconi|monti|mafia|corruption|école|reconstruction|travaux|antisismique
fBnG5eA4PEU,"[Fil d’Actu #38] Terrorisme, Turquie et Séisme",2016-09-01T16:43:19Z,UC9hHeywcPBnLglqnQRaNShQ,13643,761,41,true,Entertainment,
KBlD-weljxg,[Fil d'Actu Spécial] Le système de santé français est-il malade ?,2016-08-25T17:00:29Z,UC9hHeywcPBnLglqnQRaNShQ,11751,551,37,true,Entertainment,santé|hopital|touraine|médecin|hollande|impots|sécurité sociale|friot|tiers-payant|mutuelles
CNZHm5Z2IAo,[Fil d'Actu Spécial] Les chiffres du chômage sont-ils fiables ?,2016-08-18T15:42:22Z,UC9hHeywcPBnLglqnQRaNShQ,14192,439,34,false,Entertainment,hollande|chômage|france|économie|politique|travail|emploi|pôle emploi|insee|macron|valls|interim|uber
vNa6yZ9CiwU,[Fil d'Actu spécial] Les portes tournantes : un conflit d'intérêt ?,2016-08-12T13:18:34Z,UC9hHeywcPBnLglqnQRaNShQ,11102,369,25,false,Entertainment,
zLSpMj6pDqk,"[Fil d'Actu spécial] L'Agrobusiness, qui profite de la crise agricole ?",2016-07-29T07:56:05Z,UC9hHeywcPBnLglqnQRaNShQ,11744,375,56,false,Entertainment,
Fkl5TahnmXs,"[Fil d'Actu spécial] La dette et le déficit, c'est quoi en fait ?",2016-07-21T14:04:56Z,UC9hHeywcPBnLglqnQRaNShQ,17317,528,41,false,Entertainment,dette|déficit|UE|politique|hollande|valls|euro|économie|sécu|austérité|compétitivité
sBOQ-2S-GI0,[Fil d'Actu spécial] Croissance & inégalités,2016-07-14T16:23:00Z,UC9hHeywcPBnLglqnQRaNShQ,14862,544,34,false,Entertainment,
3v8FX4gMRlo,"[Fil d'Actu #36] TAFTA, Militaires et Salaires",2016-06-30T18:32:49Z,UC9hHeywcPBnLglqnQRaNShQ,24742,1033,83,true,Entertainment,TAFTA|sentinelle|opération|militaires|armée française|terrorisme|Hollande|Salaire|PIB|SMIC|précaire|précarité|vigipirate|suicide|TTIP|transatlantique|baisse|Gattaz
7c4piw3yFaM,"[Fil d'Actu #34] ""Blocage"", Inondations et Free t'as pas tout compris",2016-06-09T18:40:15Z,UC9hHeywcPBnLglqnQRaNShQ,19847,1064,102,true,Entertainment,
nlkBCFQIvEg,"[Fil d'Actu #33] Euro 2016, Mort d'un businessman",2016-06-02T17:25:11Z,UC9hHeywcPBnLglqnQRaNShQ,19101,837,44,true,Entertainment,
bThc03Susbg,"[Fil d'Actu #32] Blocage gouvernemental, Police instrumentalisée et un film social primé à cannes",2016-05-26T16:39:09Z,UC9hHeywcPBnLglqnQRaNShQ,19182,1020,77,false,Entertainment,
2feYeizLU6o,"[Fil d'Actu #31] Ça va mieux, Harcèlement et Impôts",2016-05-19T19:23:44Z,UC9hHeywcPBnLglqnQRaNShQ,18529,1119,63,true,Entertainment,
mfeB2ceha_4,"[Fil d'Actu #30] Londres, Ile-de-France et Canada",2016-05-13T18:19:09Z,UC9hHeywcPBnLglqnQRaNShQ,11646,791,31,true,Entertainment,
_9u_WM66_vw,[Fil d'Actu spécial] 49.3 : Valls contre la démocratie,2016-05-12T07:54:00Z,UC9hHeywcPBnLglqnQRaNShQ,16897,633,50,true,Entertainment,manuel valls|49.3|49-3|constitution|françois hollande|nicolas sarkozy|contrat première embauche|CPE|loi travail|loi el-khomri|myriam el-khomri|nuit debout|démocratie
8obHvg3eLMQ,"[FDA #29]Publicité et info, que peut-on attendre de Youtube ?",2016-05-08T15:50:32Z,UC9hHeywcPBnLglqnQRaNShQ,7518,161,24,true,Entertainment,youtube|publicité|facebook|info|liberté d'expression|youtubers|morozov|internet|silicon valley
LE2OH6Oa8ho,"[Fil d'Actu #29] Violences policières, Youtube et Intermittents",2016-05-05T18:38:03Z,UC9hHeywcPBnLglqnQRaNShQ,20507,870,85,true,Entertainment,violences policières|taranis|hollande|cazeneuve|flashball|manifestations|loi travail|cgt|fo|intermittents|youtube|publicité|pub|youtubers|unedic|ccip|cip|odéon|comédie française|nuit debout|politique
q3XRJyzk5w4,"TAFTA - Négociations, lobbies et dangers démocratiques",2016-05-02T14:33:17Z,UC9hHeywcPBnLglqnQRaNShQ,11935,243,27,false,Entertainment,TTIP|TAFTA|greenpeace|luxembourg|USa|UE|Union Européenne|ISDS|GMT|Marché transatlantique|CETA|ALENA|Libre échange
Vgk_VZ00T0o,"[Fil d'Actu #28] Mc Donald's, TAFTA et EDF",2016-04-28T17:12:17Z,UC9hHeywcPBnLglqnQRaNShQ,17654,677,55,true,Entertainment,Mc Do|Mc Donald's|McDonald|fast food|évasion fiscale|luxleaks|paradis fiscaux|luxembourg|happy meal|macron|edf|nucléaire|faillite|danger|tafta|ttip|transatlantique|merkel|obama|mc d franchising
s1XkPOVATHA,Secret des affaires et lanceurs d'alerte : l'UE au service de la fraude fiscale,2016-04-26T14:11:49Z,UC9hHeywcPBnLglqnQRaNShQ,7858,194,16,false,Entertainment,Ue|union européenne|deltour|juncker|luxembourg|luxleaks|fraude fiscale
QOeYq1sQzro,Valls propose de fusionner les minima sociaux : bonne ou mauvaise idée ?,2016-04-24T14:59:53Z,UC9hHeywcPBnLglqnQRaNShQ,9640,265,78,false,Entertainment,valls|revenu de base|salaire à vie
zYks0I4d_oE,"[Fil d'Actu #27] Secret des affaires, Mayotte et Minima sociaux",2016-04-21T18:42:20Z,UC9hHeywcPBnLglqnQRaNShQ,13836,756,38,true,Entertainment,Luxleaks|Panama Papers|Antoine Deltour|EU|Juncker|Moscovici|Nicole Ferroni|Arfi|Grève générale|Mayotte|#SaveMayotte|égalité réelle|fraude fiscale|évasion fiscale|Lucet|PME|Constance Le Grip|Marine Le Pen|Rachida Dati|Vincent Peillon
T_HHWbFHlTY,"[Fil d'Actu #12] Fraude fiscale organisée, déchéance de nationalité et élections espagnoles",2016-01-07T13:35:50Z,UC9hHeywcPBnLglqnQRaNShQ,7901,311,23,false,Entertainment,podemos|hollande|sarkozy|valls|déchéance de nationalité|fraude fiscale|luxleaks|espagne|politique|peuple|microbilles|calamar|indignés|indignados|PSOE|rajoy
2D8fPC1YypU,"[Fil d'Actu #10] Elections régionales, Jacqueline Sauvage, victoire pour Corbyn",2015-12-13T12:47:06Z,UC9hHeywcPBnLglqnQRaNShQ,4089,201,12,false,Entertainment,régionales|fn|corbyn|jacqueline sauvage|féminisme|violences|politique|ps|ump|lr|fdg|pcf|pg|eelv|france|actu|hollande
sWzWCAc7Ekw,"[Fil d'Actu #09] Etat d'urgence, DAECH, consumérisme...",2015-12-05T12:01:21Z,UC9hHeywcPBnLglqnQRaNShQ,4529,253,13,false,Entertainment,Fil d'actu|DAECH|Black Friday|COP21|Marche pour le climat|Place de la République|écologie|crise|manifestation|climat|réchauffement climatique|dérèglement|Saddam|chiite|sunnite|Irak|Iran
Q8jrwYo07hw,[Fil D'Actu spécial] Attentats de Paris : comprendre l'horreur ?,2015-11-15T14:08:02Z,UC9hHeywcPBnLglqnQRaNShQ,5870,265,4,false,Entertainment,DAESH|attentat|attentats|bataclan|paris|terrorisme|terroriste
RCDTiDZtbsc,"[Fil d'Actu #07] Climat, Hexagone Balard, Taxe tampon",2015-11-12T18:48:25Z,UC9hHeywcPBnLglqnQRaNShQ,3560,187,8,false,Entertainment,politique|balard|pentagone|hexagone|taxe tampon|taxe tampax|taxe rose|COP21|COP 21|Climat|GIEC|réchauffement climatique|CO2|carbone|écologie|féminisme|femmes|tampax|partenariat public privé|bouygues|sodexo|thales|imprimante|hollande|sarkozy|podemos
